date,t2m
01/08/2019,27.03254
02/08/2019,27.181074
03/08/2019,26.947119
04/08/2019,26.549675
05/08/2019,26.2079
06/08/2019,26.42455
07/08/2019,26.430698
08/08/2019,26.804565
09/08/2019,27.074333
10/08/2019,26.92367
11/08/2019,26.896685
12/08/2019,27.45337
13/08/2019,27.481222
14/08/2019,27.339987
15/08/2019,27.259073
16/08/2019,27.068962
17/08/2019,26.971382
18/08/2019,26.778198
19/08/2019,26.950918
20/08/2019,27.59009
21/08/2019,27.485643
22/08/2019,27.366096
23/08/2019,27.033669
24/08/2019,27.12664
25/08/2019,27.308382
26/08/2019,27.22268
27/08/2019,26.97418
28/08/2019,26.977673
29/08/2019,26.921501
30/08/2019,27.054104
31/08/2019,27.018465
01/09/2019,27.232443
02/09/2019,27.294243
03/09/2019,27.187605
04/09/2019,26.813118
05/09/2019,26.631968
06/09/2019,26.81908
07/09/2019,27.049059
08/09/2019,27.352337
09/09/2019,27.410952
10/09/2019,27.853413
11/09/2019,27.088604
12/09/2019,26.683594
13/09/2019,26.798359
14/09/2019,27.116867
15/09/2019,27.078924
16/09/2019,27.294027
17/09/2019,27.461193
18/09/2019,27.501661
19/09/2019,27.26497
20/09/2019,27.396706
21/09/2019,27.34159
22/09/2019,27.531328
23/09/2019,27.699606
24/09/2019,27.940117
25/09/2019,28.185848
26/09/2019,28.217903
27/09/2019,28.304504
28/09/2019,28.27518
29/09/2019,28.243647
30/09/2019,28.220295
01/10/2019,28.086664
02/10/2019,28.348406
03/10/2019,28.51368
04/10/2019,28.187126
05/10/2019,28.125021
06/10/2019,28.282038
07/10/2019,28.288525
08/10/2019,28.656067
09/10/2019,28.68534
10/10/2019,28.952602
11/10/2019,28.77101
12/10/2019,28.405724
13/10/2019,28.476976
14/10/2019,28.649
15/10/2019,28.55896
16/10/2019,28.623417
17/10/2019,28.462912
18/10/2019,28.952034
19/10/2019,28.79037
20/10/2019,28.83668
21/10/2019,29.121193
22/10/2019,29.168491
23/10/2019,29.197632
24/10/2019,28.860464
25/10/2019,28.679588
26/10/2019,28.648708
27/10/2019,28.445766
28/10/2019,28.80386
29/10/2019,28.658678
30/10/2019,28.675907
31/10/2019,28.804451
01/11/2019,28.113417
02/11/2019,27.091545
03/11/2019,28.309025
04/11/2019,28.78669
05/11/2019,29.106405
06/11/2019,28.978447
07/11/2019,29.188206
08/11/2019,29.59394
09/11/2019,29.313375
10/11/2019,29.250008
11/11/2019,29.46085
12/11/2019,29.407528
13/11/2019,29.208395
14/11/2019,29.259378
15/11/2019,29.429115
16/11/2019,29.657658
17/11/2019,29.727165
18/11/2019,29.92023
19/11/2019,29.351933
20/11/2019,29.541212
21/11/2019,29.32955
22/11/2019,29.674425
23/11/2019,29.712765
24/11/2019,29.633358
25/11/2019,29.257565
26/11/2019,29.131432
27/11/2019,29.046661
28/11/2019,29.96008
29/11/2019,29.852577
30/11/2019,29.71054
01/12/2019,30.250841
02/12/2019,30.03167
03/12/2019,29.495382
04/12/2019,28.563358
05/12/2019,28.13701
06/12/2019,28.252716
07/12/2019,29.015882
08/12/2019,29.19894
09/12/2019,29.006317
10/12/2019,28.67034
11/12/2019,28.765018
12/12/2019,28.527
13/12/2019,28.492012
14/12/2019,28.334686
15/12/2019,27.919159
16/12/2019,27.813025
17/12/2019,27.41101
18/12/2019,28.693363
19/12/2019,28.365925
20/12/2019,28.927544
21/12/2019,28.948704
22/12/2019,27.656517
23/12/2019,27.91271
24/12/2019,28.632956
25/12/2019,27.309052
26/12/2019,28.016111
27/12/2019,27.08517
28/12/2019,28.153992
29/12/2019,28.059376
30/12/2019,28.158882
31/12/2019,27.602684
01/01/2020,26.936993
02/01/2020,27.741001
03/01/2020,27.766624
04/01/2020,27.720354
05/01/2020,27.58743
06/01/2020,27.463175
07/01/2020,27.51357
08/01/2020,27.221966
09/01/2020,27.332186
10/01/2020,27.499443
11/01/2020,27.79085
12/01/2020,28.00968
13/01/2020,28.44382
14/01/2020,28.342512
15/01/2020,28.183424
16/01/2020,28.197113
17/01/2020,28.68668
18/01/2020,28.572245
19/01/2020,28.601357
20/01/2020,27.788645
21/01/2020,28.00305
22/01/2020,29.069
23/01/2020,28.301208
24/01/2020,28.236847
25/01/2020,27.735878
26/01/2020,28.400595
27/01/2020,28.415098
28/01/2020,29.030186
29/01/2020,28.773394
30/01/2020,27.974693
31/01/2020,27.535465
01/02/2020,27.36331
02/02/2020,27.176569
03/02/2020,27.297583
04/02/2020,27.988792
05/02/2020,28.30819
06/02/2020,28.291008
07/02/2020,27.319725
08/02/2020,27.903944
09/02/2020,28.024668
10/02/2020,27.939362
11/02/2020,27.267706
12/02/2020,27.616869
13/02/2020,28.352978
14/02/2020,28.085672
15/02/2020,27.67991
16/02/2020,27.598648
17/02/2020,27.221123
18/02/2020,27.135687
19/02/2020,27.007874
20/02/2020,27.10084
21/02/2020,27.742668
22/02/2020,27.770012
23/02/2020,27.591774
24/02/2020,27.484932
25/02/2020,27.621317
26/02/2020,27.798363
27/02/2020,27.831953
28/02/2020,27.584951
29/02/2020,27.801369
01/03/2020,27.323853
02/03/2020,28.4376
03/03/2020,28.236818
04/03/2020,27.507067
05/03/2020,27.807451
06/03/2020,27.398779
07/03/2020,27.176292
08/03/2020,27.455704
09/03/2020,27.482548
10/03/2020,28.483198
11/03/2020,28.820808
12/03/2020,28.960012
13/03/2020,28.13837
14/03/2020,28.197918
15/03/2020,28.170473
16/03/2020,28.065773
17/03/2020,27.978088
18/03/2020,27.563402
19/03/2020,27.370674
20/03/2020,27.763311
21/03/2020,28.330986
22/03/2020,28.465027
23/03/2020,27.406572
24/03/2020,27.877415
25/03/2020,28.287193
26/03/2020,29.0948
27/03/2020,28.877066
28/03/2020,28.581003
29/03/2020,27.81854
30/03/2020,27.984858
31/03/2020,27.903103
01/04/2020,28.31874
02/04/2020,28.093056
03/04/2020,28.190105
04/04/2020,28.142647
05/04/2020,27.545944
06/04/2020,26.936893
07/04/2020,27.274227
08/04/2020,27.3395
09/04/2020,28.24306
10/04/2020,28.508005
11/04/2020,27.493793
12/04/2020,27.701248
13/04/2020,27.700499
14/04/2020,27.736351
15/04/2020,28.566057
16/04/2020,28.394072
17/04/2020,27.92187
18/04/2020,27.81293
19/04/2020,28.220772
20/04/2020,28.688484
21/04/2020,28.857601
22/04/2020,29.351616
23/04/2020,29.55439
24/04/2020,29.554226
25/04/2020,28.886393
26/04/2020,28.875088
27/04/2020,29.22773
28/04/2020,28.265388
29/04/2020,28.237995
30/04/2020,28.825523
01/05/2020,28.561127
02/05/2020,28.808702
03/05/2020,28.859823
04/05/2020,28.93319
05/05/2020,29.294203
06/05/2020,29.386148
07/05/2020,29.605232
08/05/2020,29.310371
09/05/2020,27.863787
10/05/2020,28.873762
11/05/2020,28.56083
12/05/2020,29.134182
13/05/2020,29.231798
14/05/2020,29.010658
15/05/2020,29.220306
16/05/2020,29.42924
17/05/2020,29.339342
18/05/2020,27.970793
19/05/2020,28.256374
20/05/2020,27.829754
21/05/2020,27.51577
22/05/2020,28.32991
23/05/2020,29.036686
24/05/2020,28.86465
25/05/2020,28.656769
26/05/2020,27.985785
27/05/2020,27.671598
28/05/2020,26.813805
29/05/2020,28.473228
30/05/2020,28.408957
31/05/2020,27.872257
01/06/2020,27.934975
02/06/2020,28.105362
03/06/2020,28.648468
04/06/2020,28.39644
05/06/2020,28.324215
06/06/2020,27.97599
07/06/2020,27.71382
08/06/2020,28.079391
09/06/2020,28.17236
10/06/2020,28.061144
11/06/2020,28.054478
12/06/2020,28.034584
13/06/2020,28.408691
14/06/2020,27.886536
15/06/2020,28.284603
16/06/2020,28.277239
17/06/2020,28.61533
18/06/2020,28.556637
19/06/2020,28.347538
20/06/2020,28.089539
21/06/2020,28.038109
22/06/2020,28.27084
23/06/2020,27.95951
24/06/2020,27.912329
25/06/2020,27.6847
26/06/2020,27.601149
27/06/2020,27.630249
28/06/2020,27.726675
29/06/2020,27.946022
30/06/2020,27.958168
01/07/2020,28.063124
02/07/2020,27.866417
03/07/2020,27.822195
04/07/2020,27.781506
05/07/2020,27.682848
06/07/2020,26.795523
07/07/2020,27.750862
08/07/2020,27.943226
09/07/2020,27.687082
10/07/2020,27.784431
11/07/2020,27.924227
12/07/2020,27.902143
13/07/2020,28.126652
14/07/2020,28.110298
15/07/2020,27.102074
16/07/2020,27.837063
17/07/2020,27.929543
18/07/2020,27.878044
19/07/2020,27.945732
20/07/2020,28.15118
21/07/2020,27.944727
22/07/2020,28.101044
23/07/2020,27.82593
24/07/2020,27.355984
25/07/2020,26.911316
26/07/2020,26.824724
27/07/2020,27.255943
28/07/2020,27.37008
29/07/2020,26.806267
30/07/2020,26.785154
31/07/2020,26.998703
01/08/2020,27.36053
02/08/2020,27.148733
03/08/2020,27.445137
04/08/2020,27.76585
05/08/2020,27.675558
06/08/2020,27.77172
07/08/2020,27.625923
08/08/2020,27.637638
09/08/2020,27.875587
10/08/2020,28.033796
11/08/2020,27.381426
12/08/2020,28.117659
13/08/2020,28.303528
14/08/2020,28.040632
15/08/2020,28.095276
16/08/2020,27.991703
17/08/2020,28.374481
18/08/2020,28.117867
19/08/2020,28.265432
20/08/2020,28.015944
21/08/2020,28.316774
22/08/2020,28.456434
23/08/2020,28.145674
24/08/2020,27.918118
25/08/2020,27.99784
26/08/2020,27.84199
27/08/2020,27.614477
28/08/2020,28.183224
29/08/2020,28.193106
30/08/2020,27.876442
31/08/2020,28.08457
01/09/2020,28.434345
02/09/2020,28.482018
03/09/2020,28.76747
04/09/2020,28.874247
05/09/2020,28.452501
06/09/2020,28.615343
07/09/2020,28.654087
08/09/2020,28.6855
09/09/2020,28.554535
10/09/2020,28.529419
11/09/2020,28.56322
12/09/2020,28.64539
13/09/2020,28.508854
14/09/2020,28.272848
15/09/2020,28.338923
16/09/2020,28.100721
17/09/2020,28.407312
18/09/2020,28.68699
19/09/2020,29.05071
20/09/2020,28.706228
21/09/2020,28.68832
22/09/2020,28.182034
23/09/2020,29.162655
24/09/2020,29.21817
25/09/2020,29.292917
26/09/2020,29.061577
27/09/2020,29.063164
28/09/2020,29.182238
29/09/2020,29.018728
30/09/2020,28.971687
01/10/2020,29.305569
02/10/2020,29.281511
03/10/2020,29.375
04/10/2020,29.102573
05/10/2020,28.57248
06/10/2020,28.64992
07/10/2020,28.607897
08/10/2020,28.812046
09/10/2020,28.681448
10/10/2020,27.62858
11/10/2020,29.296164
12/10/2020,29.170353
13/10/2020,29.28495
14/10/2020,29.353231
15/10/2020,29.10621
16/10/2020,28.910408
17/10/2020,28.918098
18/10/2020,28.287195
19/10/2020,26.476906
20/10/2020,27.785515
21/10/2020,27.974123
22/10/2020,28.47648
23/10/2020,28.479149
24/10/2020,28.768179
25/10/2020,28.858673
26/10/2020,27.89338
27/10/2020,27.237806
28/10/2020,29.087955
29/10/2020,28.879416
30/10/2020,27.72228
31/10/2020,26.50826
01/11/2020,26.86317
02/11/2020,27.002052
03/11/2020,28.236864
04/11/2020,28.760983
05/11/2020,28.378384
06/11/2020,29.007542
07/11/2020,29.068987
08/11/2020,28.818594
09/11/2020,29.07689
10/11/2020,29.152964
11/11/2020,29.160915
12/11/2020,29.52444
13/11/2020,29.605705
14/11/2020,29.468058
15/11/2020,28.852226
16/11/2020,29.679932
17/11/2020,29.342323
18/11/2020,29.911037
19/11/2020,28.768436
20/11/2020,28.173698
21/11/2020,28.825409
22/11/2020,27.452772
23/11/2020,27.68418
24/11/2020,27.717579
25/11/2020,27.998648
26/11/2020,27.571747
27/11/2020,27.58093
28/11/2020,27.82941
29/11/2020,26.552328
30/11/2020,27.069487
01/12/2020,28.286024
02/12/2020,27.660484
03/12/2020,27.677889
04/12/2020,27.580618
05/12/2020,26.908546
06/12/2020,26.746317
07/12/2020,26.545973
08/12/2020,27.51602
09/12/2020,26.657005
10/12/2020,27.092794
11/12/2020,27.03755
12/12/2020,26.699654
13/12/2020,26.6824
14/12/2020,26.909676
15/12/2020,26.739326
16/12/2020,27.17528
17/12/2020,26.88498
18/12/2020,26.817875
19/12/2020,27.32996
20/12/2020,28.340572
21/12/2020,28.398746
22/12/2020,28.261967
23/12/2020,28.142231
24/12/2020,27.496765
25/12/2020,27.179953
26/12/2020,27.396416
27/12/2020,27.244799
28/12/2020,27.322014
29/12/2020,26.935951
30/12/2020,26.37978
31/12/2020,27.169678
01/01/2021,26.835007
02/01/2021,27.060553
03/01/2021,27.342613
04/01/2021,27.2108
05/01/2021,26.74987
06/01/2021,27.198719
07/01/2021,26.95421
08/01/2021,27.200771
09/01/2021,27.53388
10/01/2021,26.809227
11/01/2021,26.979918
12/01/2021,27.466896
13/01/2021,27.18178
14/01/2021,27.548359
15/01/2021,27.367624
16/01/2021,27.352137
17/01/2021,26.775305
18/01/2021,26.084919
19/01/2021,26.36971
20/01/2021,27.0786
21/01/2021,27.312407
22/01/2021,26.691158
23/01/2021,27.546715
24/01/2021,26.355093
25/01/2021,26.651527
26/01/2021,27.055183
27/01/2021,26.557117
28/01/2021,26.434853
29/01/2021,26.335318
30/01/2021,26.246508
31/01/2021,26.574389
01/02/2021,27.219688
02/02/2021,27.143198
03/02/2021,26.472267
04/02/2021,26.545563
05/02/2021,26.719835
06/02/2021,26.722342
07/02/2021,26.935585
08/02/2021,26.531569
09/02/2021,27.24211
10/02/2021,26.500006
11/02/2021,27.277424
12/02/2021,26.735806
13/02/2021,27.209293
14/02/2021,26.740208
15/02/2021,26.83492
16/02/2021,26.994558
17/02/2021,26.807146
18/02/2021,27.03441
19/02/2021,26.296974
20/02/2021,26.479023
21/02/2021,27.278242
22/02/2021,27.317732
23/02/2021,26.663103
24/02/2021,26.532892
25/02/2021,26.143456
26/02/2021,27.27655
27/02/2021,26.805187
28/02/2021,27.215471
01/03/2021,27.47904
02/03/2021,26.75242
03/03/2021,26.948698
04/03/2021,26.951012
05/03/2021,27.23326
06/03/2021,26.556177
07/03/2021,26.697685
08/03/2021,26.462303
09/03/2021,26.936193
10/03/2021,26.854567
11/03/2021,26.943481
12/03/2021,27.018118
13/03/2021,26.849037
14/03/2021,26.969805
15/03/2021,27.550373
16/03/2021,27.311888
17/03/2021,27.928162
18/03/2021,27.76484
19/03/2021,28.030132
20/03/2021,28.099533
21/03/2021,27.889198
22/03/2021,27.75583
23/03/2021,27.39601
24/03/2021,27.705956
25/03/2021,27.670431
26/03/2021,27.806435
27/03/2021,27.54148
28/03/2021,27.765629
29/03/2021,27.875336
30/03/2021,27.264591
31/03/2021,27.801094
01/04/2021,27.339703
02/04/2021,28.33006
03/04/2021,28.684122
04/04/2021,28.079512
05/04/2021,28.293673
06/04/2021,27.494112
07/04/2021,27.053797
08/04/2021,27.295885
09/04/2021,28.293406
10/04/2021,27.880379
11/04/2021,28.014503
12/04/2021,27.65665
13/04/2021,27.582346
14/04/2021,27.575836
15/04/2021,27.982367
16/04/2021,28.550995
17/04/2021,28.508396
18/04/2021,27.892157
19/04/2021,28.322252
20/04/2021,28.31011
21/04/2021,28.5129
22/04/2021,28.325857
23/04/2021,28.16704
24/04/2021,28.165298
25/04/2021,28.384111
26/04/2021,28.819912
27/04/2021,28.703691
28/04/2021,27.68387
29/04/2021,28.488987
30/04/2021,28.58998
01/05/2021,28.82212
02/05/2021,28.33095
03/05/2021,28.888313
04/05/2021,28.747292
05/05/2021,29.034637
06/05/2021,28.828848
07/05/2021,28.024977
08/05/2021,27.955639
09/05/2021,28.312517
10/05/2021,28.822226
11/05/2021,28.919441
12/05/2021,28.938992
13/05/2021,28.711535
14/05/2021,28.973433
15/05/2021,28.846062
16/05/2021,28.725014
17/05/2021,28.72804
18/05/2021,28.530754
19/05/2021,27.68484
20/05/2021,28.019148
21/05/2021,28.559195
22/05/2021,28.402317
23/05/2021,28.145464
24/05/2021,28.744911
25/05/2021,28.799309
26/05/2021,28.95383
27/05/2021,28.90663
28/05/2021,28.122705
29/05/2021,28.317057
30/05/2021,27.816198
31/05/2021,27.912289
01/06/2021,28.16186
02/06/2021,28.605757
03/06/2021,28.725922
04/06/2021,28.794014
05/06/2021,28.703928
06/06/2021,28.771437
07/06/2021,28.432335
08/06/2021,28.52559
09/06/2021,28.48597
10/06/2021,28.233335
11/06/2021,28.11511
12/06/2021,28.55712
13/06/2021,28.491526
14/06/2021,27.429634
15/06/2021,27.191515
16/06/2021,27.50048
17/06/2021,27.028923
18/06/2021,27.459024
19/06/2021,26.748598
20/06/2021,26.864344
21/06/2021,26.781082
22/06/2021,27.851711
23/06/2021,27.462578
24/06/2021,26.453094
25/06/2021,27.697802
26/06/2021,27.602169
27/06/2021,28.295448
28/06/2021,26.586145
29/06/2021,27.973267
30/06/2021,28.094378
01/07/2021,28.05461
02/07/2021,27.77103
03/07/2021,27.732273
04/07/2021,28.01442
05/07/2021,27.813782
06/07/2021,26.99942
07/07/2021,27.756477
08/07/2021,27.516233
09/07/2021,27.437897
10/07/2021,28.125237
11/07/2021,28.43798
12/07/2021,27.737497
13/07/2021,27.938421
14/07/2021,27.518625
15/07/2021,27.616457
16/07/2021,27.218327
17/07/2021,27.629585
18/07/2021,27.914785
19/07/2021,28.13604
20/07/2021,28.120607
21/07/2021,28.085243
22/07/2021,27.782925
23/07/2021,27.94611
24/07/2021,27.532883
25/07/2021,27.407084
26/07/2021,27.048016
27/07/2021,26.966043
28/07/2021,27.146008
29/07/2021,27.613993
30/07/2021,27.932213
31/07/2021,27.902418
01/08/2021,27.99721
02/08/2021,27.744476
03/08/2021,28.036585
04/08/2021,28.27571
05/08/2021,28.294415
06/08/2021,28.429487
07/08/2021,28.32798
08/08/2021,28.18623
09/08/2021,28.01971
10/08/2021,27.762978
11/08/2021,27.658703
12/08/2021,27.671886
13/08/2021,28.016502
14/08/2021,28.315117
15/08/2021,28.43238
16/08/2021,28.1222
17/08/2021,28.35368
18/08/2021,27.944681
19/08/2021,27.421091
20/08/2021,27.799572
21/08/2021,27.82661
22/08/2021,27.897274
23/08/2021,27.801226
24/08/2021,27.659788
25/08/2021,27.815672
26/08/2021,27.556648
27/08/2021,28.06236
28/08/2021,28.069462
29/08/2021,28.747532
30/08/2021,28.447035
31/08/2021,28.379368
01/09/2021,28.185661
02/09/2021,28.01374
03/09/2021,28.068941
04/09/2021,28.111216
05/09/2021,28.114923
06/09/2021,28.373781
07/09/2021,28.388577
08/09/2021,28.230268
09/09/2021,28.304949
10/09/2021,28.830105
11/09/2021,27.765253
12/09/2021,27.394297
13/09/2021,27.884491
14/09/2021,26.778183
15/09/2021,28.165342
16/09/2021,28.186028
17/09/2021,28.60569
18/09/2021,28.77781
19/09/2021,28.50398
20/09/2021,28.16644
21/09/2021,28.0416
22/09/2021,28.366701
23/09/2021,28.191236
24/09/2021,27.935755
25/09/2021,27.943167
26/09/2021,27.996622
27/09/2021,28.421165
28/09/2021,28.419586
29/09/2021,28.638319
30/09/2021,28.589321
01/10/2021,28.500648
02/10/2021,27.938612
03/10/2021,27.99315
04/10/2021,27.505201
05/10/2021,28.168583
06/10/2021,27.913548
07/10/2021,28.192478
08/10/2021,28.32603
09/10/2021,28.553062
10/10/2021,28.782082
11/10/2021,28.66398
12/10/2021,28.9202
13/10/2021,28.61893
14/10/2021,28.807434
15/10/2021,29.099648
16/10/2021,28.893717
17/10/2021,28.74159
18/10/2021,27.419203
19/10/2021,27.989805
20/10/2021,28.928965
21/10/2021,28.62753
22/10/2021,28.961805
23/10/2021,28.907423
24/10/2021,28.81349
25/10/2021,28.78248
26/10/2021,28.518425
27/10/2021,27.677675
28/10/2021,28.516415
29/10/2021,28.448174
30/10/2021,28.06901
31/10/2021,27.471731
01/11/2021,27.48867
02/11/2021,27.48654
03/11/2021,28.590036
04/11/2021,27.749552
05/11/2021,27.18865
06/11/2021,28.451368
07/11/2021,28.158806
08/11/2021,28.34163
09/11/2021,27.892479
10/11/2021,27.783888
11/11/2021,27.109005
12/11/2021,27.526758
13/11/2021,27.09846
14/11/2021,26.731962
15/11/2021,26.082563
16/11/2021,26.878176
17/11/2021,27.745806
18/11/2021,28.189978
19/11/2021,27.346626
20/11/2021,26.526604
21/11/2021,27.7945
22/11/2021,28.094116
23/11/2021,27.120108
24/11/2021,27.379522
25/11/2021,27.223177
26/11/2021,27.390676
27/11/2021,27.01304
28/11/2021,26.498053
29/11/2021,27.331415
30/11/2021,26.883528
01/12/2021,27.266642
02/12/2021,27.515652
03/12/2021,27.925062
04/12/2021,27.017313
05/12/2021,27.291115
06/12/2021,27.353472
07/12/2021,27.956455
08/12/2021,27.457758
09/12/2021,27.684105
10/12/2021,27.54576
11/12/2021,27.41452
12/12/2021,27.96486
13/12/2021,27.847954
14/12/2021,27.646206
15/12/2021,26.993565
16/12/2021,27.098112
17/12/2021,28.14959
18/12/2021,28.343557
19/12/2021,28.11162
20/12/2021,27.347443
21/12/2021,26.544704
22/12/2021,28.597878
23/12/2021,28.043888
24/12/2021,28.383705
25/12/2021,27.863539
26/12/2021,28.043001
27/12/2021,27.40301
28/12/2021,27.24036
29/12/2021,27.880905
30/12/2021,27.108585
31/12/2021,26.761234
01/01/2022,26.873665
02/01/2022,26.893694
03/01/2022,27.262953
04/01/2022,27.708447
05/01/2022,27.616678
06/01/2022,27.329584
07/01/2022,27.259855
08/01/2022,28.226202
09/01/2022,26.889175
10/01/2022,27.369078
11/01/2022,26.437326
12/01/2022,26.305393
13/01/2022,27.01365
14/01/2022,27.69526
15/01/2022,26.973152
16/01/2022,26.982073
17/01/2022,27.059631
18/01/2022,26.385796
19/01/2022,26.52902
20/01/2022,25.98446
21/01/2022,27.275984
22/01/2022,27.432377
23/01/2022,27.998945
24/01/2022,28.291615
25/01/2022,27.719048
26/01/2022,27.609303
27/01/2022,27.47682
28/01/2022,27.394283
29/01/2022,27.637367
30/01/2022,27.516825
31/01/2022,27.525692
01/02/2022,27.150475
02/02/2022,27.601814
03/02/2022,27.568361
04/02/2022,27.467245
05/02/2022,27.234161
06/02/2022,27.004972
07/02/2022,26.320438
08/02/2022,27.053799
09/02/2022,26.995182
10/02/2022,27.137987
11/02/2022,26.670218
12/02/2022,26.603308
13/02/2022,26.552975
14/02/2022,26.986616
15/02/2022,27.186026
16/02/2022,27.210445
17/02/2022,26.794601
18/02/2022,26.4776
19/02/2022,28.05147
20/02/2022,27.343594
21/02/2022,26.785347
22/02/2022,27.219618
23/02/2022,26.856197
24/02/2022,27.190336
25/02/2022,27.129557
26/02/2022,26.795288
27/02/2022,27.019388
28/02/2022,26.671513
01/03/2022,26.847727
02/03/2022,27.275223
03/03/2022,27.456093
04/03/2022,27.61125
05/03/2022,27.62413
06/03/2022,27.332907
07/03/2022,26.959873
08/03/2022,26.701149
09/03/2022,26.92266
10/03/2022,26.857748
11/03/2022,27.25334
12/03/2022,27.138426
13/03/2022,27.556087
14/03/2022,27.685843
15/03/2022,27.717709
16/03/2022,27.904564
17/03/2022,28.722189
18/03/2022,28.39706
19/03/2022,27.47058
20/03/2022,27.054241
21/03/2022,26.918999
22/03/2022,26.796997
23/03/2022,27.255983
24/03/2022,28.171606
25/03/2022,28.38967
26/03/2022,27.73379
27/03/2022,27.27137
28/03/2022,28.166138
29/03/2022,28.209724
30/03/2022,27.940773
31/03/2022,27.637007
01/04/2022,27.247896
02/04/2022,27.854626
03/04/2022,27.22992
04/04/2022,27.592264
05/04/2022,28.08245
06/04/2022,28.163256
07/04/2022,27.917429
08/04/2022,28.290867
09/04/2022,28.292942
10/04/2022,28.285147
11/04/2022,28.77498
12/04/2022,28.61022
13/04/2022,28.717813
14/04/2022,28.94989
15/04/2022,29.14112
16/04/2022,28.55763
17/04/2022,28.58347
18/04/2022,27.81388
19/04/2022,26.539223
20/04/2022,27.391602
21/04/2022,27.135092
22/04/2022,28.439255
23/04/2022,28.388365
24/04/2022,28.183517
25/04/2022,28.513336
26/04/2022,27.552116
27/04/2022,27.65846
28/04/2022,27.92644
29/04/2022,28.223534
30/04/2022,27.416866
01/05/2022,28.482239
02/05/2022,29.36201
03/05/2022,29.253273
04/05/2022,28.642561
05/05/2022,28.802908
06/05/2022,28.560642
07/05/2022,28.705925
08/05/2022,27.948042
09/05/2022,27.97494
10/05/2022,28.108826
11/05/2022,28.164846
12/05/2022,28.173433
13/05/2022,28.214622
14/05/2022,28.195532
15/05/2022,28.881142
16/05/2022,28.446238
17/05/2022,27.85024
18/05/2022,27.659733
19/05/2022,27.465319
20/05/2022,26.982162
21/05/2022,27.343975
22/05/2022,28.717075
23/05/2022,29.122288
24/05/2022,28.534172
25/05/2022,27.70095
26/05/2022,26.068825
27/05/2022,27.42041
28/05/2022,28.17259
29/05/2022,27.960054
30/05/2022,28.507372
31/05/2022,28.317356
01/06/2022,27.63736
02/06/2022,28.33093
03/06/2022,28.3011
04/06/2022,27.665668
05/06/2022,27.166277
06/06/2022,27.249847
07/06/2022,28.335928
08/06/2022,27.43383
09/06/2022,27.441519
10/06/2022,27.775448
11/06/2022,27.847738
12/06/2022,27.41534
13/06/2022,26.778875
14/06/2022,27.369165
15/06/2022,27.571665
16/06/2022,27.156618
17/06/2022,26.957968
18/06/2022,27.897276
19/06/2022,27.212532
20/06/2022,27.820572
21/06/2022,28.1503
22/06/2022,28.29969
23/06/2022,27.693438
24/06/2022,27.815287
25/06/2022,27.696554
26/06/2022,26.797287
27/06/2022,27.278072
28/06/2022,27.541786
29/06/2022,27.89868
30/06/2022,27.781721
01/07/2022,28.121452
02/07/2022,27.941082
03/07/2022,27.963678
04/07/2022,27.78576
05/07/2022,27.311777
06/07/2022,26.918892
07/07/2022,27.22196
08/07/2022,27.134584
09/07/2022,27.189333
10/07/2022,27.748161
11/07/2022,27.704185
12/07/2022,28.256102
13/07/2022,27.102535
14/07/2022,27.0815
15/07/2022,28.059883
16/07/2022,27.574835
17/07/2022,27.13116
18/07/2022,27.80103
19/07/2022,27.88198
20/07/2022,27.353964
21/07/2022,27.9488
22/07/2022,27.776619
23/07/2022,27.462275
24/07/2022,27.166006
25/07/2022,26.613956
26/07/2022,27.123491
27/07/2022,27.93299
28/07/2022,27.710173
29/07/2022,27.514318
30/07/2022,27.145372
31/07/2022,27.227303
01/08/2022,27.648447
02/08/2022,27.342407
03/08/2022,27.916754
04/08/2022,27.578094
05/08/2022,27.39383
06/08/2022,27.227207
07/08/2022,27.251978
08/08/2022,27.729536
09/08/2022,28.20517
10/08/2022,28.333807
11/08/2022,28.490292
12/08/2022,27.62621
13/08/2022,26.722513
14/08/2022,26.873796
15/08/2022,27.32632
16/08/2022,27.786058
17/08/2022,27.756998
18/08/2022,28.008785
19/08/2022,28.07036
20/08/2022,27.661238
21/08/2022,27.520628
22/08/2022,27.909286
23/08/2022,27.741411
24/08/2022,27.545982
25/08/2022,27.990404
26/08/2022,27.892656
27/08/2022,27.63267
28/08/2022,27.422537
29/08/2022,27.713455
30/08/2022,27.988518
31/08/2022,27.624704
01/09/2022,28.584848
02/09/2022,28.561941
03/09/2022,28.32213
04/09/2022,28.087757
05/09/2022,27.867266
06/09/2022,27.967665
07/09/2022,28.22717
08/09/2022,27.6367
09/09/2022,27.231041
10/09/2022,27.450346
11/09/2022,27.978224
12/09/2022,28.283585
13/09/2022,28.498623
14/09/2022,28.617105
15/09/2022,28.427456
16/09/2022,28.392735
17/09/2022,28.602169
18/09/2022,28.384333
19/09/2022,28.188751
20/09/2022,28.118338
21/09/2022,27.825214
22/09/2022,28.477993
23/09/2022,28.707027
24/09/2022,28.312473
25/09/2022,28.713802
26/09/2022,28.719456
27/09/2022,28.572805
28/09/2022,28.538052
29/09/2022,28.376217
30/09/2022,27.202662
01/10/2022,27.5132
02/10/2022,27.54831
03/10/2022,26.768963
04/10/2022,27.30866
05/10/2022,27.230402
06/10/2022,27.111101
07/10/2022,27.857702
08/10/2022,27.567442
09/10/2022,27.377417
10/10/2022,27.581797
11/10/2022,26.904942
12/10/2022,27.519108
13/10/2022,27.469158
14/10/2022,27.287167
15/10/2022,27.5532
16/10/2022,28.442177
17/10/2022,27.304337
18/10/2022,26.445469
19/10/2022,26.871548
20/10/2022,27.26761
21/10/2022,26.517227
22/10/2022,28.055609
23/10/2022,27.353117
24/10/2022,26.983694
25/10/2022,27.353365
26/10/2022,26.798937
27/10/2022,27.382975
28/10/2022,27.850773
29/10/2022,27.346067
30/10/2022,27.951633
31/10/2022,28.237175
01/11/2022,27.76258
02/11/2022,28.084574
03/11/2022,28.576046
04/11/2022,27.856033
05/11/2022,27.934683
06/11/2022,27.05526
07/11/2022,26.766855
08/11/2022,28.008715
09/11/2022,27.046825
10/11/2022,27.744398
11/11/2022,27.59521
12/11/2022,27.25483
13/11/2022,27.489206
14/11/2022,27.253344
15/11/2022,27.550703
16/11/2022,27.410267
17/11/2022,27.746162
18/11/2022,27.876793
19/11/2022,26.719545
20/11/2022,27.418467
21/11/2022,28.085516
22/11/2022,28.35793
23/11/2022,27.397224
24/11/2022,26.829237
25/11/2022,26.888556
26/11/2022,26.60302
27/11/2022,26.764355
28/11/2022,27.323753
29/11/2022,26.92906
30/11/2022,27.003057
01/12/2022,27.478615
02/12/2022,27.29086
03/12/2022,27.55177
04/12/2022,27.186697
05/12/2022,27.2047
06/12/2022,27.888716
07/12/2022,28.32711
08/12/2022,28.744835
09/12/2022,28.539145
10/12/2022,28.705418
11/12/2022,28.47838
12/12/2022,28.589518
13/12/2022,27.999502
14/12/2022,27.35529
15/12/2022,27.579712
16/12/2022,27.090132
17/12/2022,27.49639
18/12/2022,28.01667
19/12/2022,27.584522
20/12/2022,27.990269
21/12/2022,27.889868
22/12/2022,27.564135
23/12/2022,27.251516
24/12/2022,27.3355
25/12/2022,26.872581
26/12/2022,26.37607
27/12/2022,26.863213
28/12/2022,27.30338
29/12/2022,26.500994
30/12/2022,25.95925
31/12/2022,25.809874
01/01/2023,26.704268
02/01/2023,27.11506
03/01/2023,27.399622
04/01/2023,27.673864
05/01/2023,28.05078
06/01/2023,27.608526
07/01/2023,27.74268
08/01/2023,27.260355
09/01/2023,27.17821
10/01/2023,27.71514
11/01/2023,28.062458
12/01/2023,27.947271
13/01/2023,27.738295
14/01/2023,28.369991
15/01/2023,27.623737
16/01/2023,27.48763
17/01/2023,26.578686
18/01/2023,26.578709
19/01/2023,27.028143
20/01/2023,27.267452
21/01/2023,27.242052
22/01/2023,27.362999
23/01/2023,27.650564
24/01/2023,27.220354
25/01/2023,26.769127
26/01/2023,26.71594
27/01/2023,26.64137
28/01/2023,26.107521
29/01/2023,26.963268
30/01/2023,27.801754
31/01/2023,27.476023
01/02/2023,27.078608
02/02/2023,26.17434
03/02/2023,27.120945
04/02/2023,26.929813
05/02/2023,27.595634
06/02/2023,27.221972
07/02/2023,27.039158
08/02/2023,26.994316
09/02/2023,26.843699
10/02/2023,27.07454
11/02/2023,26.50431
12/02/2023,26.832672
13/02/2023,26.890358
14/02/2023,26.768309
15/02/2023,26.308521
16/02/2023,26.398293
17/02/2023,26.74842
18/02/2023,26.914616
19/02/2023,27.282623
20/02/2023,27.155329
21/02/2023,27.125528
22/02/2023,26.903996
23/02/2023,26.985447
24/02/2023,27.302711
25/02/2023,27.605833
26/02/2023,26.694069
27/02/2023,26.222168
28/02/2023,26.933895
01/03/2023,26.422592
02/03/2023,25.741776
03/03/2023,27.286537
04/03/2023,26.924654
05/03/2023,27.104067
06/03/2023,27.3256
07/03/2023,27.551836
08/03/2023,27.052494
09/03/2023,27.606007
10/03/2023,28.056976
11/03/2023,28.265997
12/03/2023,27.727213
13/03/2023,27.229202
14/03/2023,26.898003
15/03/2023,27.893837
16/03/2023,28.677877
17/03/2023,27.885475
18/03/2023,28.00117
19/03/2023,28.361074
20/03/2023,27.501453
21/03/2023,28.124634
22/03/2023,28.062859
23/03/2023,28.510468
24/03/2023,27.79725
25/03/2023,27.641705
26/03/2023,27.264723
27/03/2023,27.32352
28/03/2023,27.508665
29/03/2023,28.027508
30/03/2023,27.325775
31/03/2023,26.841717
01/04/2023,26.835852
02/04/2023,27.059746
03/04/2023,27.240303
04/04/2023,27.516731
05/04/2023,27.337473
06/04/2023,27.338875
07/04/2023,27.644985
08/04/2023,27.20545
09/04/2023,27.777348
10/04/2023,27.447855
11/04/2023,28.213427
12/04/2023,27.910116
13/04/2023,27.405806
14/04/2023,27.878296
15/04/2023,27.825716
16/04/2023,27.676277
17/04/2023,27.517857
18/04/2023,28.34454
19/04/2023,28.898987
20/04/2023,28.323229
21/04/2023,28.067453
22/04/2023,28.721052
23/04/2023,29.123348
24/04/2023,29.067387
25/04/2023,28.752438
26/04/2023,28.30755
27/04/2023,28.343678
28/04/2023,27.372765
29/04/2023,27.13458
30/04/2023,28.123356
01/05/2023,28.009588
02/05/2023,27.961914
03/05/2023,28.420742
04/05/2023,28.777548
05/05/2023,28.973959
06/05/2023,28.624773
07/05/2023,28.993155
08/05/2023,29.233755
09/05/2023,28.25721
10/05/2023,28.033607
11/05/2023,27.808138
12/05/2023,28.982218
13/05/2023,28.32448
14/05/2023,27.87714
15/05/2023,27.71869
16/05/2023,27.901192
17/05/2023,27.921701
18/05/2023,28.141708
19/05/2023,28.231464
20/05/2023,28.385893
21/05/2023,28.247496
22/05/2023,28.152296
23/05/2023,28.0084
24/05/2023,28.21222
25/05/2023,28.440113
26/05/2023,28.398716
27/05/2023,28.21318
28/05/2023,27.868723
29/05/2023,28.168268
30/05/2023,27.965914
31/05/2023,28.12788
01/06/2023,28.35588
02/06/2023,28.412542
03/06/2023,28.612719
04/06/2023,28.19207
05/06/2023,28.226244
06/06/2023,28.262537
07/06/2023,28.314953
08/06/2023,28.231194
09/06/2023,28.144707
10/06/2023,28.176641
11/06/2023,28.50779
12/06/2023,28.564003
13/06/2023,28.243315
14/06/2023,28.008175
15/06/2023,27.834063
16/06/2023,27.86138
17/06/2023,27.951752
18/06/2023,28.069826
19/06/2023,27.973654
20/06/2023,28.152245
21/06/2023,28.301989
22/06/2023,28.306583
23/06/2023,27.79874
24/06/2023,27.792923
25/06/2023,27.702538
26/06/2023,27.718239
27/06/2023,27.906143
28/06/2023,28.16464
29/06/2023,28.339773
30/06/2023,28.442928
01/07/2023,27.879549
02/07/2023,27.545643
03/07/2023,27.719261
04/07/2023,27.745262
05/07/2023,28.084217
06/07/2023,27.943575
07/07/2023,26.917831
08/07/2023,27.139944
09/07/2023,28.099808
10/07/2023,27.998232
11/07/2023,27.668766
12/07/2023,27.552156
13/07/2023,27.999306
14/07/2023,27.7984
15/07/2023,27.594591
16/07/2023,27.34426
17/07/2023,27.289202
18/07/2023,27.390959
19/07/2023,27.234945
20/07/2023,27.060232
21/07/2023,27.143658
22/07/2023,27.484606
23/07/2023,27.40113
24/07/2023,27.67869
25/07/2023,27.539082
26/07/2023,27.240181
27/07/2023,27.047886
28/07/2023,27.048937
29/07/2023,26.993662
30/07/2023,27.020216
31/07/2023,27.418919
01/08/2023,27.677147
02/08/2023,27.77087
03/08/2023,27.756464
04/08/2023,27.657808
05/08/2023,27.705477
06/08/2023,27.827288
07/08/2023,27.602974
08/08/2023,27.378864
09/08/2023,27.109415
10/08/2023,26.846214
11/08/2023,26.819492
12/08/2023,26.75715
13/08/2023,27.613308
14/08/2023,27.428757
15/08/2023,27.608305
16/08/2023,27.37249
17/08/2023,27.12545
18/08/2023,27.273293
19/08/2023,27.542603
20/08/2023,27.790754
21/08/2023,27.581686
22/08/2023,27.38149
23/08/2023,27.183048
24/08/2023,27.706015
25/08/2023,27.814003
26/08/2023,27.633556
27/08/2023,27.599573
28/08/2023,27.584827
29/08/2023,27.670654
30/08/2023,27.494734
31/08/2023,27.666937
01/09/2023,27.267038
02/09/2023,27.19918
03/09/2023,26.861956
04/09/2023,26.980204
05/09/2023,27.479126
06/09/2023,27.703777
07/09/2023,27.596323
08/09/2023,27.519987
09/09/2023,27.462841
10/09/2023,27.854212
11/09/2023,28.112896
12/09/2023,28.35575
13/09/2023,28.204943
14/09/2023,27.77131
15/09/2023,28.02982
16/09/2023,27.925264
17/09/2023,28.139292
18/09/2023,27.894934
19/09/2023,27.931889
20/09/2023,28.029316
21/09/2023,27.896288
22/09/2023,27.731537
23/09/2023,28.031816
24/09/2023,28.168388
25/09/2023,28.273224
26/09/2023,28.186483
27/09/2023,28.126785
28/09/2023,28.376032
29/09/2023,28.434444
30/09/2023,28.186577
01/10/2023,28.085388
02/10/2023,28.375847
03/10/2023,28.391665
04/10/2023,28.489834
05/10/2023,28.576406
06/10/2023,29.29441
07/10/2023,29.050594
08/10/2023,29.15168
09/10/2023,28.869917
10/10/2023,28.759922
11/10/2023,28.864288
12/10/2023,29.04037
13/10/2023,28.976658
14/10/2023,29.317614
15/10/2023,29.562435
16/10/2023,29.37101
17/10/2023,29.100288
18/10/2023,29.136223
19/10/2023,29.305786
20/10/2023,29.325623
21/10/2023,29.3379
22/10/2023,29.0821
23/10/2023,29.281504
24/10/2023,29.17573
25/10/2023,29.243706
26/10/2023,29.537987
27/10/2023,29.42704
28/10/2023,29.656878
29/10/2023,29.748955
30/10/2023,29.564432
31/10/2023,29.677254
01/11/2023,29.614712
02/11/2023,29.816044
03/11/2023,29.056288
04/11/2023,28.633406
05/11/2023,29.289211
06/11/2023,29.358307
07/11/2023,29.636024
08/11/2023,29.704678
09/11/2023,28.932264
10/11/2023,29.140055
11/11/2023,29.289673
12/11/2023,29.28298
13/11/2023,29.493307
14/11/2023,29.434364
15/11/2023,29.268076
16/11/2023,28.947676
17/11/2023,28.790745
18/11/2023,29.082397
19/11/2023,29.465261
20/11/2023,29.746208
21/11/2023,30.108747
22/11/2023,30.448372
23/11/2023,29.52121
24/11/2023,28.182861
25/11/2023,28.132542
26/11/2023,28.215979
27/11/2023,27.795284
28/11/2023,27.139845
29/11/2023,28.355858
30/11/2023,28.478607
01/12/2023,27.123312
02/12/2023,28.163527
03/12/2023,28.076084
04/12/2023,28.013964
05/12/2023,28.449934
06/12/2023,28.671959
07/12/2023,28.190264
08/12/2023,28.06585
09/12/2023,28.20117
10/12/2023,27.795444
11/12/2023,29.098167
12/12/2023,29.227604
13/12/2023,28.249735
14/12/2023,28.237904
15/12/2023,28.451002
16/12/2023,29.072365
17/12/2023,29.017555
18/12/2023,28.918709
19/12/2023,29.101236
20/12/2023,29.208906
21/12/2023,29.116201
22/12/2023,28.98543
23/12/2023,29.43848
24/12/2023,29.312263
25/12/2023,27.66637
26/12/2023,28.405462
27/12/2023,28.577324
28/12/2023,28.801659
29/12/2023,28.730896
30/12/2023,28.694908
31/12/2023,28.82795
01/01/2024,28.512133
02/01/2024,28.665087
03/01/2024,27.644352
04/01/2024,28.043304
05/01/2024,27.932177
06/01/2024,27.820131
07/01/2024,27.42331
08/01/2024,27.755629
09/01/2024,27.89579
10/01/2024,28.497433
11/01/2024,28.339285
12/01/2024,29.249573
13/01/2024,29.433743
14/01/2024,29.412666
15/01/2024,27.966486
16/01/2024,28.280312
17/01/2024,27.168793
18/01/2024,27.707285
19/01/2024,27.231071
20/01/2024,28.619358
21/01/2024,28.62092
22/01/2024,28.05329
23/01/2024,28.452522
24/01/2024,27.640482
25/01/2024,27.878546
26/01/2024,27.740976
27/01/2024,27.996834
28/01/2024,27.832802
29/01/2024,27.485313
30/01/2024,27.129284
31/01/2024,27.525661
01/02/2024,27.74094
02/02/2024,27.814167
03/02/2024,27.40914
04/02/2024,27.527529
05/02/2024,27.558266
06/02/2024,27.504822
07/02/2024,27.39711
08/02/2024,28.043818
09/02/2024,28.166317
10/02/2024,26.72972
11/02/2024,27.179892
12/02/2024,27.91071
13/02/2024,28.457336
14/02/2024,28.093298
15/02/2024,28.883532
16/02/2024,28.599815
17/02/2024,27.796986
18/02/2024,28.12902
19/02/2024,28.836246
20/02/2024,29.268887
21/02/2024,28.403008
22/02/2024,28.843414
23/02/2024,28.01903
24/02/2024,27.764067
25/02/2024,27.596825
26/02/2024,27.765158
27/02/2024,28.219746
28/02/2024,28.069286
29/02/2024,28.697884
01/03/2024,28.034857
02/03/2024,28.391357
03/03/2024,28.357204
04/03/2024,28.33609
05/03/2024,28.160278
06/03/2024,28.829634
07/03/2024,28.463417
08/03/2024,28.214897
09/03/2024,26.764988
10/03/2024,27.626991
11/03/2024,27.547112
12/03/2024,27.631735
13/03/2024,27.128475
14/03/2024,27.198965
15/03/2024,27.448278
16/03/2024,27.85226
17/03/2024,27.533075
18/03/2024,28.003185
19/03/2024,28.653025
20/03/2024,28.597748
21/03/2024,28.409248
22/03/2024,28.784428
23/03/2024,29.037191
24/03/2024,28.730734
25/03/2024,28.674568
26/03/2024,28.996117
27/03/2024,29.299818
28/03/2024,27.972181
29/03/2024,28.702633
30/03/2024,29.511919
31/03/2024,29.164864
01/04/2024,28.007378
02/04/2024,28.714165
03/04/2024,29.094482
04/04/2024,28.960562
05/04/2024,28.210707
06/04/2024,29.141262
07/04/2024,28.667599
08/04/2024,28.435947
09/04/2024,27.782133
10/04/2024,28.215164
11/04/2024,27.88727
12/04/2024,28.441723
13/04/2024,28.704145
14/04/2024,28.849497
15/04/2024,28.906603
16/04/2024,29.306389
17/04/2024,28.272251
18/04/2024,28.33187
19/04/2024,29.190613
20/04/2024,29.7177
21/04/2024,27.90228
22/04/2024,28.778133
23/04/2024,28.10886
24/04/2024,27.908823
25/04/2024,27.54426
26/04/2024,28.921898
27/04/2024,29.418983
28/04/2024,29.648394
29/04/2024,29.535069
30/04/2024,29.692558
01/05/2024,29.640045
02/05/2024,29.485935
03/05/2024,29.43914
04/05/2024,28.927372
05/05/2024,28.732222
06/05/2024,29.000237
07/05/2024,29.061485
08/05/2024,28.985653
09/05/2024,29.039589
10/05/2024,29.506361
11/05/2024,29.677208
12/05/2024,29.527306
13/05/2024,29.181301
14/05/2024,29.26001
15/05/2024,29.092638
16/05/2024,29.212498
17/05/2024,29.400126
18/05/2024,29.231358
19/05/2024,28.965206
20/05/2024,28.85494
21/05/2024,28.98076
22/05/2024,29.03101
23/05/2024,29.137886
24/05/2024,29.044294
25/05/2024,29.090464
26/05/2024,29.397678
27/05/2024,29.442186
28/05/2024,29.37364
29/05/2024,29.176785
30/05/2024,29.164799
31/05/2024,29.416887
01/06/2024,29.40775
02/06/2024,28.675272
03/06/2024,28.18747
04/06/2024,28.602226
05/06/2024,28.967644
06/06/2024,28.829498
07/06/2024,28.681572
08/06/2024,28.422153
09/06/2024,28.463339
10/06/2024,28.69118
11/06/2024,28.053843
12/06/2024,27.818506
13/06/2024,27.844215
14/06/2024,28.0136
15/06/2024,27.653229
16/06/2024,28.208138
17/06/2024,28.679588
18/06/2024,28.217075
19/06/2024,27.52183
20/06/2024,27.50598
21/06/2024,27.540741
22/06/2024,27.951136
23/06/2024,27.896933
24/06/2024,27.573801
25/06/2024,28.266197
26/06/2024,28.41292
27/06/2024,28.370005
28/06/2024,28.215185
29/06/2024,28.664555
30/06/2024,28.389458
01/07/2024,28.191101
02/07/2024,27.574104
03/07/2024,27.84996
04/07/2024,27.558506
05/07/2024,28.138126
06/07/2024,27.673738
07/07/2024,27.88698
08/07/2024,27.884983
09/07/2024,27.95562
10/07/2024,28.000124
11/07/2024,27.728418
12/07/2024,27.485525
13/07/2024,26.96119
14/07/2024,26.800816
15/07/2024,26.951002
16/07/2024,27.088633
17/07/2024,27.231192
18/07/2024,27.354277
19/07/2024,27.445639
20/07/2024,27.403524
21/07/2024,27.269005
22/07/2024,27.441233
23/07/2024,27.432957
24/07/2024,27.44152
25/07/2024,27.508978
26/07/2024,27.850166
27/07/2024,27.80307
28/07/2024,27.803274
29/07/2024,27.807686
30/07/2024,28.008774
31/07/2024,28.157145
01/08/2024,28.194515
02/08/2024,28.082022
03/08/2024,28.07568
04/08/2024,27.975685
05/08/2024,27.755718
06/08/2024,27.618347
07/08/2024,28.046635
08/08/2024,28.32285
09/08/2024,28.041458
10/08/2024,27.855972
11/08/2024,27.308899
12/08/2024,27.14209
13/08/2024,27.614895
14/08/2024,27.631138
15/08/2024,27.243517
16/08/2024,27.249905
17/08/2024,27.505272
18/08/2024,27.510553
19/08/2024,27.309822
20/08/2024,27.55552
21/08/2024,27.639523
22/08/2024,27.704777
23/08/2024,28.100939
24/08/2024,28.060068
25/08/2024,28.216604
26/08/2024,28.215324
27/08/2024,28.328901
28/08/2024,27.878006
29/08/2024,28.014143
30/08/2024,28.003212
31/08/2024,28.117714
01/09/2024,28.21616
02/09/2024,28.312132
03/09/2024,28.345577
04/09/2024,28.670341
05/09/2024,28.648441
06/09/2024,28.661669
07/09/2024,28.749624
08/09/2024,28.727861
09/09/2024,29.014225
10/09/2024,28.238548
11/09/2024,28.528782
12/09/2024,28.599396
13/09/2024,28.535461
14/09/2024,28.575771
15/09/2024,28.350958
16/09/2024,28.284777
17/09/2024,28.330696
18/09/2024,28.200523
19/09/2024,28.197124
20/09/2024,28.459513
21/09/2024,28.760376
22/09/2024,28.877485
23/09/2024,28.554264
24/09/2024,28.507063
25/09/2024,28.27679
26/09/2024,28.355888
27/09/2024,28.995283
28/09/2024,29.572968
29/09/2024,29.497185
30/09/2024,29.482096
01/10/2024,29.52295
02/10/2024,29.119144
03/10/2024,29.091879
04/10/2024,29.11536
05/10/2024,29.37711
06/10/2024,29.228323
07/10/2024,29.340485
08/10/2024,29.245161
09/10/2024,29.463266
10/10/2024,29.633022
11/10/2024,29.796658
12/10/2024,29.838654
13/10/2024,29.434532
14/10/2024,29.2193
15/10/2024,28.794085
16/10/2024,29.060404
17/10/2024,29.099243
18/10/2024,29.070204
19/10/2024,28.775007
20/10/2024,27.684717
21/10/2024,28.187548
22/10/2024,29.083305
23/10/2024,29.020731
24/10/2024,28.432299
25/10/2024,29.399096
26/10/2024,29.530605
27/10/2024,29.509783
28/10/2024,29.629631
29/10/2024,29.822065
30/10/2024,29.756248
31/10/2024,28.751896
01/11/2024,27.527517
02/11/2024,27.897554
03/11/2024,27.314043
04/11/2024,28.129536
05/11/2024,29.210876
06/11/2024,29.519585
07/11/2024,29.429667
08/11/2024,28.6657
09/11/2024,28.865807
10/11/2024,28.152931
11/11/2024,28.288206
12/11/2024,28.549757
13/11/2024,29.22075
14/11/2024,29.641975
15/11/2024,29.242867
16/11/2024,28.313334
17/11/2024,28.51339
18/11/2024,28.120346
19/11/2024,27.991808
20/11/2024,28.24943
21/11/2024,28.35999
22/11/2024,28.348742
23/11/2024,28.561117
24/11/2024,28.28357
25/11/2024,28.927572
26/11/2024,28.33123
27/11/2024,28.400728
28/11/2024,28.31383
29/11/2024,28.17651
30/11/2024,28.270128
01/12/2024,27.87592
02/12/2024,26.869398
03/12/2024,28.406618
04/12/2024,28.574148
05/12/2024,27.871223
06/12/2024,26.9306
07/12/2024,27.790337
08/12/2024,28.340439
09/12/2024,27.84449
10/12/2024,27.917038
11/12/2024,27.780928
12/12/2024,27.187185
13/12/2024,27.688896
14/12/2024,26.83671
15/12/2024,27.466604
16/12/2024,27.499332
17/12/2024,27.722864
18/12/2024,28.110949
19/12/2024,28.831617
20/12/2024,28.67222
21/12/2024,28.190027
22/12/2024,27.583748
23/12/2024,27.883667
24/12/2024,27.402954
25/12/2024,27.401583
26/12/2024,28.179457
27/12/2024,28.850777
28/12/2024,27.681252
29/12/2024,27.730822
30/12/2024,27.528578
31/12/2024,27.776302
01/01/2025,26.799248
02/01/2025,26.664774
03/01/2025,28.227898
04/01/2025,27.51365
05/01/2025,26.994122
06/01/2025,26.802498
07/01/2025,27.447802
08/01/2025,27.857155
09/01/2025,28.360998
10/01/2025,28.020315
11/01/2025,27.406809
12/01/2025,27.279175
13/01/2025,27.775644
14/01/2025,27.202972
15/01/2025,27.725058
16/01/2025,27.61448
17/01/2025,27.536654
18/01/2025,27.64673
19/01/2025,28.02211
20/01/2025,27.02413
21/01/2025,27.012514
22/01/2025,27.209969
23/01/2025,26.980906
24/01/2025,27.791039
25/01/2025,27.774235
26/01/2025,27.40725
27/01/2025,26.587345
28/01/2025,27.155182
29/01/2025,26.412682
30/01/2025,26.120594
31/01/2025,27.460598
01/02/2025,27.452389
