date,mean_dewpoint_temperature
01/08/2019,21.149143
02/08/2019,21.683756
03/08/2019,20.181358
04/08/2019,19.157326
05/08/2019,18.67353
06/08/2019,19.212212
07/08/2019,20.064505
08/08/2019,20.822823
09/08/2019,20.888414
10/08/2019,21.25724
11/08/2019,21.300617
12/08/2019,22.410873
13/08/2019,22.596691
14/08/2019,21.915304
15/08/2019,22.787317
16/08/2019,21.562351
17/08/2019,20.769283
18/08/2019,20.103773
19/08/2019,20.218697
20/08/2019,20.263206
21/08/2019,22.167385
22/08/2019,22.082447
23/08/2019,21.288519
24/08/2019,21.66938
25/08/2019,22.032177
26/08/2019,22.33432
27/08/2019,22.2668
28/08/2019,21.222948
29/08/2019,21.434097
30/08/2019,21.340515
31/08/2019,20.832584
01/09/2019,21.634487
02/09/2019,22.199476
03/09/2019,22.333853
04/09/2019,20.828081
05/09/2019,19.675802
06/09/2019,21.02266
07/09/2019,21.27594
08/09/2019,21.465141
09/09/2019,21.785515
10/09/2019,21.088688
11/09/2019,21.197147
12/09/2019,18.248253
13/09/2019,19.31144
14/09/2019,21.119354
15/09/2019,21.896881
16/09/2019,22.107756
17/09/2019,22.078108
18/09/2019,21.836617
19/09/2019,21.38008
20/09/2019,21.109154
21/09/2019,21.766764
22/09/2019,21.695995
23/09/2019,21.831963
24/09/2019,22.161343
25/09/2019,22.394827
26/09/2019,22.8269
27/09/2019,22.679222
28/09/2019,22.70621
29/09/2019,21.874401
30/09/2019,21.711306
01/10/2019,21.9875
02/10/2019,21.81133
03/10/2019,21.792908
04/10/2019,21.473867
05/10/2019,20.211779
06/10/2019,20.424498
07/10/2019,22.563786
08/10/2019,22.694336
09/10/2019,22.645983
10/10/2019,21.695839
11/10/2019,21.278862
12/10/2019,22.516638
13/10/2019,22.903748
14/10/2019,22.828753
15/10/2019,23.153942
16/10/2019,22.363302
17/10/2019,22.33137
18/10/2019,22.149498
19/10/2019,23.316153
20/10/2019,21.661842
21/10/2019,22.088057
22/10/2019,22.77784
23/10/2019,22.850899
24/10/2019,22.915918
25/10/2019,22.65644
26/10/2019,23.36548
27/10/2019,23.087948
28/10/2019,22.5608
29/10/2019,22.498047
30/10/2019,23.134163
31/10/2019,23.38704
01/11/2019,23.438002
02/11/2019,23.527037
03/11/2019,23.49875
04/11/2019,23.168858
05/11/2019,22.789534
06/11/2019,22.867126
07/11/2019,23.720894
08/11/2019,23.831469
09/11/2019,23.536997
10/11/2019,23.782816
11/11/2019,23.863754
12/11/2019,24.033527
13/11/2019,24.544899
14/11/2019,24.020185
15/11/2019,23.15415
16/11/2019,22.685589
17/11/2019,23.039541
18/11/2019,23.785862
19/11/2019,24.04354
20/11/2019,23.17127
21/11/2019,23.393656
22/11/2019,23.49218
23/11/2019,23.606863
24/11/2019,23.777351
25/11/2019,23.884901
26/11/2019,24.078732
27/11/2019,24.319004
28/11/2019,23.947485
29/11/2019,24.062035
30/11/2019,24.212454
01/12/2019,23.916607
02/12/2019,24.5606
03/12/2019,24.646477
04/12/2019,24.29514
05/12/2019,24.5532
06/12/2019,24.78172
07/12/2019,24.588982
08/12/2019,24.440512
09/12/2019,24.24296
10/12/2019,24.069742
11/12/2019,24.185415
12/12/2019,24.201921
13/12/2019,23.854391
14/12/2019,24.326502
15/12/2019,24.14432
16/12/2019,24.101204
17/12/2019,24.089481
18/12/2019,24.537155
19/12/2019,24.671745
20/12/2019,24.534658
21/12/2019,24.61248
22/12/2019,24.157555
23/12/2019,24.056187
24/12/2019,24.696915
25/12/2019,24.103785
26/12/2019,24.371935
27/12/2019,24.354101
28/12/2019,24.660923
29/12/2019,24.647614
30/12/2019,24.752129
31/12/2019,24.545128
01/01/2020,24.394386
02/01/2020,24.605927
03/01/2020,24.71561
04/01/2020,24.752808
05/01/2020,24.528854
06/01/2020,24.571512
07/01/2020,24.614693
08/01/2020,24.633318
09/01/2020,24.318428
10/01/2020,24.018538
11/01/2020,23.857626
12/01/2020,24.516357
13/01/2020,24.634779
14/01/2020,24.734463
15/01/2020,24.643593
16/01/2020,24.688492
17/01/2020,24.373478
18/01/2020,24.584105
19/01/2020,24.780182
20/01/2020,24.825157
21/01/2020,24.909037
22/01/2020,24.645725
23/01/2020,24.790688
24/01/2020,24.721067
25/01/2020,24.474464
26/01/2020,24.564617
27/01/2020,24.945316
28/01/2020,25.105202
29/01/2020,25.147734
30/01/2020,24.703876
31/01/2020,24.539783
01/02/2020,24.32366
02/02/2020,24.386055
03/02/2020,24.189707
04/02/2020,24.380354
05/02/2020,24.486856
06/02/2020,24.534714
07/02/2020,24.392078
08/02/2020,24.595093
09/02/2020,24.203545
10/02/2020,24.147614
11/02/2020,24.542477
12/02/2020,24.640846
13/02/2020,24.616814
14/02/2020,24.901186
15/02/2020,24.642044
16/02/2020,24.567097
17/02/2020,24.242577
18/02/2020,24.49414
19/02/2020,24.590368
20/02/2020,24.396942
21/02/2020,24.661217
22/02/2020,24.61949
23/02/2020,24.814907
24/02/2020,24.770344
25/02/2020,24.846172
26/02/2020,24.749125
27/02/2020,24.966784
28/02/2020,24.947496
29/02/2020,25.102627
01/03/2020,24.865295
02/03/2020,25.10645
03/03/2020,25.148241
04/03/2020,24.904106
05/03/2020,24.734108
06/03/2020,24.275505
07/03/2020,24.39491
08/03/2020,24.677488
09/03/2020,24.359634
10/03/2020,24.664974
11/03/2020,25.39031
12/03/2020,25.2071
13/03/2020,24.670952
14/03/2020,24.82777
15/03/2020,24.554054
16/03/2020,24.794254
17/03/2020,24.88035
18/03/2020,24.691355
19/03/2020,24.693417
20/03/2020,24.340673
21/03/2020,24.477232
22/03/2020,24.470123
23/03/2020,24.360481
24/03/2020,24.540445
25/03/2020,24.521048
26/03/2020,24.81765
27/03/2020,24.471462
28/03/2020,24.741962
29/03/2020,24.54405
30/03/2020,24.60006
31/03/2020,24.605408
01/04/2020,24.728645
02/04/2020,24.850857
03/04/2020,24.650314
04/04/2020,24.838942
05/04/2020,24.541819
06/04/2020,24.370962
07/04/2020,24.311201
08/04/2020,24.261114
09/04/2020,24.540594
10/04/2020,24.561514
11/04/2020,24.357414
12/04/2020,24.239246
13/04/2020,24.355118
14/04/2020,24.715921
15/04/2020,24.794943
16/04/2020,25.028091
17/04/2020,24.908808
18/04/2020,24.825323
19/04/2020,24.953873
20/04/2020,25.210987
21/04/2020,25.283201
22/04/2020,25.226
23/04/2020,25.209908
24/04/2020,24.30472
25/04/2020,24.380531
26/04/2020,24.886044
27/04/2020,24.133492
28/04/2020,24.240847
29/04/2020,24.19326
30/04/2020,23.808298
01/05/2020,24.242393
02/05/2020,23.731998
03/05/2020,24.136652
04/05/2020,24.837084
05/05/2020,24.814203
06/05/2020,24.701002
07/05/2020,24.592289
08/05/2020,25.171658
09/05/2020,24.432106
10/05/2020,24.790802
11/05/2020,24.68502
12/05/2020,24.210558
13/05/2020,23.826874
14/05/2020,23.90336
15/05/2020,23.983387
16/05/2020,24.625957
17/05/2020,24.718685
18/05/2020,24.579725
19/05/2020,24.719149
20/05/2020,25.056103
21/05/2020,24.723293
22/05/2020,25.114534
23/05/2020,25.273258
24/05/2020,25.052322
25/05/2020,25.13009
26/05/2020,24.713488
27/05/2020,24.660507
28/05/2020,24.365948
29/05/2020,24.455168
30/05/2020,25.058832
31/05/2020,25.25337
01/06/2020,24.713375
02/06/2020,24.373554
03/06/2020,23.703756
04/06/2020,23.37538
05/06/2020,23.140146
06/06/2020,23.360325
07/06/2020,23.530495
08/06/2020,23.40894
09/06/2020,22.997887
10/06/2020,23.046787
11/06/2020,23.241776
12/06/2020,22.703264
13/06/2020,23.258226
14/06/2020,24.74153
15/06/2020,24.86583
16/06/2020,23.936832
17/06/2020,23.74403
18/06/2020,24.222702
19/06/2020,23.57999
20/06/2020,22.81683
21/06/2020,23.32184
22/06/2020,23.331045
23/06/2020,22.523733
24/06/2020,22.834862
25/06/2020,22.234795
26/06/2020,22.29244
27/06/2020,22.275692
28/06/2020,22.901014
29/06/2020,23.178116
30/06/2020,22.393227
01/07/2020,22.91549
02/07/2020,22.746395
03/07/2020,22.306984
04/07/2020,21.91441
05/07/2020,22.778679
06/07/2020,23.019165
07/07/2020,23.29557
08/07/2020,22.666342
09/07/2020,22.85103
10/07/2020,22.881569
11/07/2020,22.409744
12/07/2020,23.052605
13/07/2020,23.049559
14/07/2020,23.209114
15/07/2020,23.668568
16/07/2020,23.230404
17/07/2020,23.092466
18/07/2020,22.511415
19/07/2020,22.8727
20/07/2020,23.362434
21/07/2020,23.544712
22/07/2020,22.953102
23/07/2020,22.432648
24/07/2020,20.902578
25/07/2020,19.616844
26/07/2020,20.07513
27/07/2020,20.929876
28/07/2020,20.958025
29/07/2020,19.136854
30/07/2020,18.50159
31/07/2020,21.03234
01/08/2020,21.73632
02/08/2020,21.038073
03/08/2020,22.081495
04/08/2020,22.50666
05/08/2020,22.822218
06/08/2020,22.65776
07/08/2020,22.299782
08/08/2020,22.663252
09/08/2020,23.192757
10/08/2020,23.833271
11/08/2020,24.080427
12/08/2020,23.657818
13/08/2020,23.605404
14/08/2020,23.635574
15/08/2020,23.632477
16/08/2020,23.274162
17/08/2020,21.852556
18/08/2020,22.318356
19/08/2020,21.58038
20/08/2020,21.971022
21/08/2020,21.639
22/08/2020,21.10062
23/08/2020,22.889515
24/08/2020,21.418776
25/08/2020,21.800228
26/08/2020,20.923523
27/08/2020,20.46833
28/08/2020,21.896765
29/08/2020,22.170765
30/08/2020,21.160534
31/08/2020,21.103493
01/09/2020,22.404753
02/09/2020,23.009274
03/09/2020,23.428747
04/09/2020,23.517069
05/09/2020,22.297796
06/09/2020,22.225983
07/09/2020,22.309654
08/09/2020,21.965214
09/09/2020,22.407501
10/09/2020,22.19319
11/09/2020,21.908104
12/09/2020,21.734571
13/09/2020,22.164232
14/09/2020,21.43557
15/09/2020,20.98023
16/09/2020,21.229559
17/09/2020,22.101624
18/09/2020,22.85903
19/09/2020,23.04275
20/09/2020,23.446774
21/09/2020,23.140654
22/09/2020,23.591335
23/09/2020,23.862368
24/09/2020,23.266916
25/09/2020,23.130505
26/09/2020,22.9516
27/09/2020,22.626085
28/09/2020,22.40426
29/09/2020,22.254498
30/09/2020,22.846666
01/10/2020,23.49573
02/10/2020,23.618837
03/10/2020,22.716393
04/10/2020,22.028906
05/10/2020,22.4357
06/10/2020,22.310677
07/10/2020,22.51881
08/10/2020,22.638554
09/10/2020,22.955637
10/10/2020,23.756407
11/10/2020,23.410057
12/10/2020,23.336878
13/10/2020,22.858519
14/10/2020,23.182753
15/10/2020,23.277899
16/10/2020,23.224117
17/10/2020,23.076336
18/10/2020,22.710602
19/10/2020,23.49165
20/10/2020,23.940237
21/10/2020,24.231894
22/10/2020,23.698814
23/10/2020,23.72787
24/10/2020,23.95913
25/10/2020,24.133358
26/10/2020,24.025942
27/10/2020,23.802832
28/10/2020,23.559563
29/10/2020,24.184095
30/10/2020,24.30953
31/10/2020,23.629387
01/11/2020,23.653936
02/11/2020,24.341846
03/11/2020,24.397255
04/11/2020,24.14904
05/11/2020,24.213095
06/11/2020,24.461643
07/11/2020,24.362734
08/11/2020,24.137627
09/11/2020,23.684801
10/11/2020,23.5143
11/11/2020,24.028708
12/11/2020,25.0068
13/11/2020,24.760632
14/11/2020,24.798662
15/11/2020,24.568497
16/11/2020,24.23784
17/11/2020,23.854614
18/11/2020,23.699131
19/11/2020,24.523151
20/11/2020,24.40914
21/11/2020,24.447424
22/11/2020,23.872772
23/11/2020,24.096563
24/11/2020,24.04587
25/11/2020,23.935696
26/11/2020,24.145334
27/11/2020,23.61163
28/11/2020,23.171227
29/11/2020,23.905539
30/11/2020,24.001122
01/12/2020,23.670052
02/12/2020,24.255058
03/12/2020,24.45842
04/12/2020,24.453012
05/12/2020,24.149876
06/12/2020,24.736233
07/12/2020,24.427656
08/12/2020,24.942015
09/12/2020,24.615808
10/12/2020,24.57544
11/12/2020,24.40009
12/12/2020,24.020626
13/12/2020,23.819796
14/12/2020,23.963535
15/12/2020,23.804724
16/12/2020,23.918528
17/12/2020,23.944834
18/12/2020,23.734379
19/12/2020,23.826569
20/12/2020,23.779245
21/12/2020,23.651302
22/12/2020,24.156836
23/12/2020,23.976927
24/12/2020,23.534279
25/12/2020,23.988815
26/12/2020,23.99253
27/12/2020,23.917624
28/12/2020,24.24758
29/12/2020,24.176964
30/12/2020,23.79055
31/12/2020,23.867952
01/01/2021,24.233671
02/01/2021,24.060568
03/01/2021,23.943604
04/01/2021,24.107668
05/01/2021,24.141747
06/01/2021,24.03846
07/01/2021,24.034143
08/01/2021,23.996994
09/01/2021,23.779995
10/01/2021,24.21718
11/01/2021,24.121996
12/01/2021,24.347897
13/01/2021,24.255161
14/01/2021,23.961533
15/01/2021,24.023766
16/01/2021,23.614912
17/01/2021,23.964258
18/01/2021,24.081915
19/01/2021,23.638994
20/01/2021,24.044884
21/01/2021,24.276655
22/01/2021,23.929533
23/01/2021,23.943716
24/01/2021,23.65374
25/01/2021,23.262224
26/01/2021,22.9506
27/01/2021,23.848839
28/01/2021,24.049473
29/01/2021,24.079866
30/01/2021,23.788681
31/01/2021,23.812094
01/02/2021,24.12599
02/02/2021,24.349144
03/02/2021,24.15896
04/02/2021,24.155264
05/02/2021,24.18517
06/02/2021,24.198662
07/02/2021,24.159372
08/02/2021,24.212294
09/02/2021,24.53234
10/02/2021,24.210793
11/02/2021,24.550545
12/02/2021,24.12601
13/02/2021,24.221087
14/02/2021,23.932518
15/02/2021,23.896261
16/02/2021,24.015022
17/02/2021,23.780325
18/02/2021,23.558634
19/02/2021,23.825897
20/02/2021,23.643417
21/02/2021,24.012835
22/02/2021,24.314762
23/02/2021,23.889458
24/02/2021,24.288088
25/02/2021,24.206451
26/02/2021,24.329315
27/02/2021,24.07837
28/02/2021,23.518974
01/03/2021,24.16436
02/03/2021,23.931534
03/03/2021,24.12847
04/03/2021,23.82299
05/03/2021,23.093699
06/03/2021,23.620466
07/03/2021,23.764458
08/03/2021,23.876068
09/03/2021,23.85517
10/03/2021,23.925987
11/03/2021,23.800772
12/03/2021,23.78463
13/03/2021,23.797709
14/03/2021,23.560772
15/03/2021,24.35418
16/03/2021,24.374062
17/03/2021,24.128424
18/03/2021,23.87403
19/03/2021,24.148079
20/03/2021,24.365944
21/03/2021,24.2996
22/03/2021,24.505941
23/03/2021,24.035194
24/03/2021,24.246857
25/03/2021,24.360558
26/03/2021,24.319796
27/03/2021,24.607393
28/03/2021,24.526087
29/03/2021,24.508276
30/03/2021,24.38403
31/03/2021,24.345852
01/04/2021,24.318283
02/04/2021,24.642914
03/04/2021,24.61892
04/04/2021,24.429228
05/04/2021,24.62403
06/04/2021,24.779886
07/04/2021,24.530123
08/04/2021,24.660404
09/04/2021,24.745338
10/04/2021,24.534864
11/04/2021,24.273842
12/04/2021,24.221916
13/04/2021,23.970472
14/04/2021,23.926752
15/04/2021,23.725449
16/04/2021,23.746298
17/04/2021,23.648443
18/04/2021,23.74787
19/04/2021,23.553719
20/04/2021,22.514761
21/04/2021,21.721222
22/04/2021,22.216944
23/04/2021,22.667433
24/04/2021,23.168535
25/04/2021,23.52887
26/04/2021,23.604969
27/04/2021,23.719965
28/04/2021,23.759586
29/04/2021,24.083559
30/04/2021,24.272623
01/05/2021,24.511925
02/05/2021,24.853569
03/05/2021,24.526796
04/05/2021,24.747692
05/05/2021,24.39907
06/05/2021,23.966011
07/05/2021,24.34187
08/05/2021,24.212288
09/05/2021,22.918064
10/05/2021,23.374687
11/05/2021,24.233421
12/05/2021,23.70679
13/05/2021,23.219948
14/05/2021,23.599226
15/05/2021,23.783012
16/05/2021,23.54598
17/05/2021,23.715391
18/05/2021,23.583218
19/05/2021,24.22586
20/05/2021,24.202656
21/05/2021,23.97906
22/05/2021,23.870117
23/05/2021,24.053282
24/05/2021,23.838856
25/05/2021,24.324856
26/05/2021,24.631628
27/05/2021,24.831827
28/05/2021,24.862305
29/05/2021,24.30653
30/05/2021,24.175947
31/05/2021,24.209246
01/06/2021,24.596563
02/06/2021,24.59122
03/06/2021,24.744226
04/06/2021,24.864407
05/06/2021,24.486095
06/06/2021,23.989681
07/06/2021,23.838083
08/06/2021,23.627062
09/06/2021,23.937164
10/06/2021,24.538456
11/06/2021,24.197062
12/06/2021,23.965929
13/06/2021,23.859467
14/06/2021,24.40798
15/06/2021,24.2823
16/06/2021,24.497145
17/06/2021,23.953653
18/06/2021,23.74025
19/06/2021,23.572939
20/06/2021,23.441696
21/06/2021,23.697428
22/06/2021,23.970686
23/06/2021,24.485954
24/06/2021,24.008095
25/06/2021,24.276009
26/06/2021,24.63392
27/06/2021,24.338524
28/06/2021,24.309925
29/06/2021,24.251202
30/06/2021,23.679426
01/07/2021,23.187904
02/07/2021,22.822382
03/07/2021,22.834211
04/07/2021,22.838081
05/07/2021,21.662502
06/07/2021,19.77891
07/07/2021,21.425179
08/07/2021,22.90778
09/07/2021,24.056852
10/07/2021,24.49856
11/07/2021,23.673126
12/07/2021,22.88327
13/07/2021,22.475813
14/07/2021,21.41729
15/07/2021,21.163017
16/07/2021,20.824165
17/07/2021,22.43476
18/07/2021,22.806946
19/07/2021,23.211927
20/07/2021,22.786581
21/07/2021,23.016106
22/07/2021,23.492897
23/07/2021,22.912855
24/07/2021,21.492626
25/07/2021,21.477028
26/07/2021,20.983744
27/07/2021,20.755375
28/07/2021,21.313904
29/07/2021,22.208366
30/07/2021,23.282375
31/07/2021,22.999067
01/08/2021,22.633171
02/08/2021,22.769115
03/08/2021,23.522013
04/08/2021,23.354282
05/08/2021,22.953712
06/08/2021,23.319893
07/08/2021,23.876444
08/08/2021,24.16073
09/08/2021,23.866478
10/08/2021,22.70164
11/08/2021,21.288128
12/08/2021,22.523146
13/08/2021,23.428473
14/08/2021,23.160458
15/08/2021,22.979713
16/08/2021,22.643637
17/08/2021,22.62616
18/08/2021,22.822763
19/08/2021,22.919825
20/08/2021,22.734264
21/08/2021,22.85537
22/08/2021,22.85166
23/08/2021,21.924328
24/08/2021,21.586313
25/08/2021,21.44806
26/08/2021,20.417196
27/08/2021,21.081429
28/08/2021,22.536045
29/08/2021,22.55492
30/08/2021,22.98418
31/08/2021,22.69109
01/09/2021,22.556131
02/09/2021,20.844486
03/09/2021,21.128788
04/09/2021,21.766294
05/09/2021,22.712694
06/09/2021,23.128378
07/09/2021,22.792
08/09/2021,22.25878
09/09/2021,21.723846
10/09/2021,22.572289
11/09/2021,23.352005
12/09/2021,24.039598
13/09/2021,23.915749
14/09/2021,23.779123
15/09/2021,23.629808
16/09/2021,23.658552
17/09/2021,23.353966
18/09/2021,22.579609
19/09/2021,22.11632
20/09/2021,22.127996
21/09/2021,23.395864
22/09/2021,23.118639
23/09/2021,23.92613
24/09/2021,23.870853
25/09/2021,23.609037
26/09/2021,23.735283
27/09/2021,22.964952
28/09/2021,22.537926
29/09/2021,23.062752
30/09/2021,23.384346
01/10/2021,23.033363
02/10/2021,23.32006
03/10/2021,23.06808
04/10/2021,23.266623
05/10/2021,22.731087
06/10/2021,22.373055
07/10/2021,22.292654
08/10/2021,22.494347
09/10/2021,22.935997
10/10/2021,23.041521
11/10/2021,22.790562
12/10/2021,21.79885
13/10/2021,22.657318
14/10/2021,23.084425
15/10/2021,23.863827
16/10/2021,24.310448
17/10/2021,24.438787
18/10/2021,24.34154
19/10/2021,24.262695
20/10/2021,24.333332
21/10/2021,24.40664
22/10/2021,24.043148
23/10/2021,24.019554
24/10/2021,24.373749
25/10/2021,24.42903
26/10/2021,23.805405
27/10/2021,24.432854
28/10/2021,24.719767
29/10/2021,24.205431
30/10/2021,24.429123
31/10/2021,24.288647
01/11/2021,24.260368
02/11/2021,24.162392
03/11/2021,24.531723
04/11/2021,24.124065
05/11/2021,24.38622
06/11/2021,24.677696
07/11/2021,24.660778
08/11/2021,24.626656
09/11/2021,24.477499
10/11/2021,24.288597
11/11/2021,24.261627
12/11/2021,24.395922
13/11/2021,24.171335
14/11/2021,24.12046
15/11/2021,23.878632
16/11/2021,24.104094
17/11/2021,23.965797
18/11/2021,24.06891
19/11/2021,24.11256
20/11/2021,23.983116
21/11/2021,24.487587
22/11/2021,24.660631
23/11/2021,24.38478
24/11/2021,24.105015
25/11/2021,24.105782
26/11/2021,24.188015
27/11/2021,24.123308
28/11/2021,23.563147
29/11/2021,23.043037
30/11/2021,23.704264
01/12/2021,24.034895
02/12/2021,24.170256
03/12/2021,24.45788
04/12/2021,24.322792
05/12/2021,24.223223
06/12/2021,24.284044
07/12/2021,24.30383
08/12/2021,24.184011
09/12/2021,24.402264
10/12/2021,24.303637
11/12/2021,24.371153
12/12/2021,24.338465
13/12/2021,24.588902
14/12/2021,24.252052
15/12/2021,24.276745
16/12/2021,24.409172
17/12/2021,24.664293
18/12/2021,24.906635
19/12/2021,24.785545
20/12/2021,24.49044
21/12/2021,23.890724
22/12/2021,24.177134
23/12/2021,24.181725
24/12/2021,24.20327
25/12/2021,24.360054
26/12/2021,24.316105
27/12/2021,24.210695
28/12/2021,24.012442
29/12/2021,24.258076
30/12/2021,24.112091
31/12/2021,24.057217
01/01/2022,24.153522
02/01/2022,24.051384
03/01/2022,23.869938
04/01/2022,23.513214
05/01/2022,23.698107
06/01/2022,23.734478
07/01/2022,23.752457
08/01/2022,22.564968
09/01/2022,23.928219
10/01/2022,24.179466
11/01/2022,24.157766
12/01/2022,23.855904
13/01/2022,24.037188
14/01/2022,24.277447
15/01/2022,23.99159
16/01/2022,24.103628
17/01/2022,24.167587
18/01/2022,23.935274
19/01/2022,23.84089
20/01/2022,23.598722
21/01/2022,23.715311
22/01/2022,24.240772
23/01/2022,24.341602
24/01/2022,24.66177
25/01/2022,24.512875
26/01/2022,24.58649
27/01/2022,24.34003
28/01/2022,24.081835
29/01/2022,24.481363
30/01/2022,24.228203
31/01/2022,24.447603
01/02/2022,24.27106
02/02/2022,24.415722
03/02/2022,24.165703
04/02/2022,23.95247
05/02/2022,24.105433
06/02/2022,24.064466
07/02/2022,24.000246
08/02/2022,24.13193
09/02/2022,23.986956
10/02/2022,24.218712
11/02/2022,24.180372
12/02/2022,24.110083
13/02/2022,23.8957
14/02/2022,24.203798
15/02/2022,24.001572
16/02/2022,24.256193
17/02/2022,24.244223
18/02/2022,23.740953
19/02/2022,24.088575
20/02/2022,24.196096
21/02/2022,23.955925
22/02/2022,24.029675
23/02/2022,23.407368
24/02/2022,23.485739
25/02/2022,23.710197
26/02/2022,23.99187
27/02/2022,24.0799
28/02/2022,24.43419
01/03/2022,24.294697
02/03/2022,24.376305
03/03/2022,24.445068
04/03/2022,24.546295
05/03/2022,24.44342
06/03/2022,24.22239
07/03/2022,23.864143
08/03/2022,23.995096
09/03/2022,24.034922
10/03/2022,23.90108
11/03/2022,24.377016
12/03/2022,24.62572
13/03/2022,24.50347
14/03/2022,24.605385
15/03/2022,24.519386
16/03/2022,24.52551
17/03/2022,24.632101
18/03/2022,24.728031
19/03/2022,24.262896
20/03/2022,24.144789
21/03/2022,24.359116
22/03/2022,24.388405
23/03/2022,24.626396
24/03/2022,24.348646
25/03/2022,24.256195
26/03/2022,24.27739
27/03/2022,23.91166
28/03/2022,24.14919
29/03/2022,24.09829
30/03/2022,24.3828
31/03/2022,24.14495
01/04/2022,23.948202
02/04/2022,24.073902
03/04/2022,23.99591
04/04/2022,23.981312
05/04/2022,24.078339
06/04/2022,23.998177
07/04/2022,24.138424
08/04/2022,24.106789
09/04/2022,23.96456
10/04/2022,24.010765
11/04/2022,23.808228
12/04/2022,23.312677
13/04/2022,23.352379
14/04/2022,23.297749
15/04/2022,23.71522
16/04/2022,24.239647
17/04/2022,24.804815
18/04/2022,24.831718
19/04/2022,24.167305
20/04/2022,23.891367
21/04/2022,24.204874
22/04/2022,24.709652
23/04/2022,24.536871
24/04/2022,24.625053
25/04/2022,24.31381
26/04/2022,24.43072
27/04/2022,24.488895
28/04/2022,24.325865
29/04/2022,24.779406
30/04/2022,24.891712
01/05/2022,25.303541
02/05/2022,24.438368
03/05/2022,24.65278
04/05/2022,24.190346
05/05/2022,24.25346
06/05/2022,24.942265
07/05/2022,24.833729
08/05/2022,24.790497
09/05/2022,25.153757
10/05/2022,25.131989
11/05/2022,25.023087
12/05/2022,24.822697
13/05/2022,24.86127
14/05/2022,24.918884
15/05/2022,25.082254
16/05/2022,24.83715
17/05/2022,24.564032
18/05/2022,25.093418
19/05/2022,24.988686
20/05/2022,24.568863
21/05/2022,24.410034
22/05/2022,24.376783
23/05/2022,24.195736
24/05/2022,24.845745
25/05/2022,24.68998
26/05/2022,23.695557
27/05/2022,24.26019
28/05/2022,24.194227
29/05/2022,24.11369
30/05/2022,24.541883
31/05/2022,24.341011
01/06/2022,24.265259
02/06/2022,24.03814
03/06/2022,23.739187
04/06/2022,24.29698
05/06/2022,24.1816
06/06/2022,24.27842
07/06/2022,24.496225
08/06/2022,24.71265
09/06/2022,23.926287
10/06/2022,24.410065
11/06/2022,24.698883
12/06/2022,24.52073
13/06/2022,24.404305
14/06/2022,24.548218
15/06/2022,24.437355
16/06/2022,24.563425
17/06/2022,24.074394
18/06/2022,23.503967
19/06/2022,23.965788
20/06/2022,23.746908
21/06/2022,23.086647
22/06/2022,22.488304
23/06/2022,23.882181
24/06/2022,23.16172
25/06/2022,23.490028
26/06/2022,23.805782
27/06/2022,23.22388
28/06/2022,22.40482
29/06/2022,21.560772
30/06/2022,22.509895
01/07/2022,23.062574
02/07/2022,24.00553
03/07/2022,24.930508
04/07/2022,24.719591
05/07/2022,24.53711
06/07/2022,23.83265
07/07/2022,22.728176
08/07/2022,20.716103
09/07/2022,20.953056
10/07/2022,22.36749
11/07/2022,23.66135
12/07/2022,23.710325
13/07/2022,24.044758
14/07/2022,23.910812
15/07/2022,23.543648
16/07/2022,23.432976
17/07/2022,23.354708
18/07/2022,23.19827
19/07/2022,23.004326
20/07/2022,22.52625
21/07/2022,22.521748
22/07/2022,22.887093
23/07/2022,22.938839
24/07/2022,21.419815
25/07/2022,19.299454
26/07/2022,20.7855
27/07/2022,22.62667
28/07/2022,22.824001
29/07/2022,22.215319
30/07/2022,21.933657
31/07/2022,21.942366
01/08/2022,23.048532
02/08/2022,23.898577
03/08/2022,23.354637
04/08/2022,22.305498
05/08/2022,20.81358
06/08/2022,22.095665
07/08/2022,22.713587
08/08/2022,22.571445
09/08/2022,22.140442
10/08/2022,22.887259
11/08/2022,23.50404
12/08/2022,24.222277
13/08/2022,23.853355
14/08/2022,23.94842
15/08/2022,23.88198
16/08/2022,23.452484
17/08/2022,22.37107
18/08/2022,22.43236
19/08/2022,22.431444
20/08/2022,21.608389
21/08/2022,21.911402
22/08/2022,22.0568
23/08/2022,22.102364
24/08/2022,20.844566
25/08/2022,21.359383
26/08/2022,22.746979
27/08/2022,22.687828
28/08/2022,21.578789
29/08/2022,21.988396
30/08/2022,23.220047
31/08/2022,23.487053
01/09/2022,23.316568
02/09/2022,23.16706
03/09/2022,22.99929
04/09/2022,23.168514
05/09/2022,23.474754
06/09/2022,23.58395
07/09/2022,23.519402
08/09/2022,23.104095
09/09/2022,22.490665
10/09/2022,23.156658
11/09/2022,23.539654
12/09/2022,23.135551
13/09/2022,22.777977
14/09/2022,22.3864
15/09/2022,22.763502
16/09/2022,22.968014
17/09/2022,21.731224
18/09/2022,22.089996
19/09/2022,22.423218
20/09/2022,22.57289
21/09/2022,23.341194
22/09/2022,23.405369
23/09/2022,23.635227
24/09/2022,23.318596
25/09/2022,22.865852
26/09/2022,22.571846
27/09/2022,22.032406
28/09/2022,22.273369
29/09/2022,23.200743
30/09/2022,24.166452
01/10/2022,24.022253
02/10/2022,23.712137
03/10/2022,23.743044
04/10/2022,23.849161
05/10/2022,23.713905
06/10/2022,23.638414
07/10/2022,23.541473
08/10/2022,24.074753
09/10/2022,23.92398
10/10/2022,24.095266
11/10/2022,23.658821
12/10/2022,23.764076
13/10/2022,23.677832
14/10/2022,23.942385
15/10/2022,24.045311
16/10/2022,23.887184
17/10/2022,23.962425
18/10/2022,23.811659
19/10/2022,23.979233
20/10/2022,24.390984
21/10/2022,24.079723
22/10/2022,23.98032
23/10/2022,24.154243
24/10/2022,23.880363
25/10/2022,24.133165
26/10/2022,23.641306
27/10/2022,23.436516
28/10/2022,22.256464
29/10/2022,22.609348
30/10/2022,22.396881
31/10/2022,22.764238
01/11/2022,23.70609
02/11/2022,24.133057
03/11/2022,24.14698
04/11/2022,24.57071
05/11/2022,24.465378
06/11/2022,24.127483
07/11/2022,23.697763
08/11/2022,23.475994
09/11/2022,24.24751
10/11/2022,24.03202
11/11/2022,24.202827
12/11/2022,24.524729
13/11/2022,24.54184
14/11/2022,24.409554
15/11/2022,24.49822
16/11/2022,24.54371
17/11/2022,24.22137
18/11/2022,23.97519
19/11/2022,23.83191
20/11/2022,24.11743
21/11/2022,24.072329
22/11/2022,24.095589
23/11/2022,24.227407
24/11/2022,23.839304
25/11/2022,23.977842
26/11/2022,23.986542
27/11/2022,23.998213
28/11/2022,24.275658
29/11/2022,24.02692
30/11/2022,23.668528
01/12/2022,23.707294
02/12/2022,23.752117
03/12/2022,23.921787
04/12/2022,24.13966
05/12/2022,24.279032
06/12/2022,24.064724
07/12/2022,24.397684
08/12/2022,23.728754
09/12/2022,23.5445
10/12/2022,23.541723
11/12/2022,23.946863
12/12/2022,24.204391
13/12/2022,24.401533
14/12/2022,24.184484
15/12/2022,24.17543
16/12/2022,23.890884
17/12/2022,23.867035
18/12/2022,23.888021
19/12/2022,24.056145
20/12/2022,24.003527
21/12/2022,24.27853
22/12/2022,24.198847
23/12/2022,23.586731
24/12/2022,24.023582
25/12/2022,24.177734
26/12/2022,23.945196
27/12/2022,23.990076
28/12/2022,24.137886
29/12/2022,24.26141
30/12/2022,23.990583
31/12/2022,24.07797
01/01/2023,24.194252
02/01/2023,24.156044
03/01/2023,23.865265
04/01/2023,23.82447
05/01/2023,23.786121
06/01/2023,23.880058
07/01/2023,23.877316
08/01/2023,23.969252
09/01/2023,23.643335
10/01/2023,23.877611
11/01/2023,23.904917
12/01/2023,23.434021
13/01/2023,23.591331
14/01/2023,23.809547
15/01/2023,24.20023
16/01/2023,24.426575
17/01/2023,23.979197
18/01/2023,23.83915
19/01/2023,23.953213
20/01/2023,23.921515
21/01/2023,23.274082
22/01/2023,23.8542
23/01/2023,24.072214
24/01/2023,24.207666
25/01/2023,23.942074
26/01/2023,23.912125
27/01/2023,23.946423
28/01/2023,23.899632
29/01/2023,24.049232
30/01/2023,24.549768
31/01/2023,24.413673
01/02/2023,24.075924
02/02/2023,24.144066
03/02/2023,24.056202
04/02/2023,23.970858
05/02/2023,23.745693
06/02/2023,23.969517
07/02/2023,24.111818
08/02/2023,24.356583
09/02/2023,23.913744
10/02/2023,24.385584
11/02/2023,24.24747
12/02/2023,24.001753
13/02/2023,23.785452
14/02/2023,23.950417
15/02/2023,23.750664
16/02/2023,23.959085
17/02/2023,24.102163
18/02/2023,24.130867
19/02/2023,24.266754
20/02/2023,24.137747
21/02/2023,24.180017
22/02/2023,24.14148
23/02/2023,24.390816
24/02/2023,24.094135
25/02/2023,24.074528
26/02/2023,23.962776
27/02/2023,23.993633
28/02/2023,23.629177
01/03/2023,23.813988
02/03/2023,23.691912
03/03/2023,23.992624
04/03/2023,23.974031
05/03/2023,23.833647
06/03/2023,24.083204
07/03/2023,23.804718
08/03/2023,23.858599
09/03/2023,23.94389
10/03/2023,24.016554
11/03/2023,24.082296
12/03/2023,24.165068
13/03/2023,23.728666
14/03/2023,23.415293
15/03/2023,23.947529
16/03/2023,23.961483
17/03/2023,24.041586
18/03/2023,24.24347
19/03/2023,24.579823
20/03/2023,24.081886
21/03/2023,24.188162
22/03/2023,24.175198
23/03/2023,24.651964
24/03/2023,24.356936
25/03/2023,24.10314
26/03/2023,24.249668
27/03/2023,24.366285
28/03/2023,24.457632
29/03/2023,24.17655
30/03/2023,24.098314
31/03/2023,24.012123
01/04/2023,22.85772
02/04/2023,23.612215
03/04/2023,23.829216
04/04/2023,24.02032
05/04/2023,23.991247
06/04/2023,23.90778
07/04/2023,23.905033
08/04/2023,23.84649
09/04/2023,23.929842
10/04/2023,24.045998
11/04/2023,24.395788
12/04/2023,24.495049
13/04/2023,24.123838
14/04/2023,24.123222
15/04/2023,24.072403
16/04/2023,24.342733
17/04/2023,24.795214
18/04/2023,25.222446
19/04/2023,24.628567
20/04/2023,24.62931
21/04/2023,24.905527
22/04/2023,25.02647
23/04/2023,24.76033
24/04/2023,24.478554
25/04/2023,24.64426
26/04/2023,25.056013
27/04/2023,24.935312
28/04/2023,24.604593
29/04/2023,24.400927
30/04/2023,24.837717
01/05/2023,24.971836
02/05/2023,25.046207
03/05/2023,25.361145
04/05/2023,25.189667
05/05/2023,24.826992
06/05/2023,24.831968
07/05/2023,24.561024
08/05/2023,24.247494
09/05/2023,24.43805
10/05/2023,25.20554
11/05/2023,25.266487
12/05/2023,25.454475
13/05/2023,23.372835
14/05/2023,22.22892
15/05/2023,22.253378
16/05/2023,22.295467
17/05/2023,22.55944
18/05/2023,23.093538
19/05/2023,23.21127
20/05/2023,23.333458
21/05/2023,22.981808
22/05/2023,22.715397
23/05/2023,22.859444
24/05/2023,23.690178
25/05/2023,23.175623
26/05/2023,22.745913
27/05/2023,22.169983
28/05/2023,21.86611
29/05/2023,22.460007
30/05/2023,22.898888
31/05/2023,23.00933
01/06/2023,23.407694
02/06/2023,23.862715
03/06/2023,23.777079
04/06/2023,23.677238
05/06/2023,23.685574
06/06/2023,23.708427
07/06/2023,24.063263
08/06/2023,23.895464
09/06/2023,23.443804
10/06/2023,23.32343
11/06/2023,23.81588
12/06/2023,24.096401
13/06/2023,23.630135
14/06/2023,22.885685
15/06/2023,22.916283
16/06/2023,22.890127
17/06/2023,23.170145
18/06/2023,22.824263
19/06/2023,23.184788
20/06/2023,23.592468
21/06/2023,23.66976
22/06/2023,23.124123
23/06/2023,22.840084
24/06/2023,22.647924
25/06/2023,23.079508
26/06/2023,22.953766
27/06/2023,23.006924
28/06/2023,23.43658
29/06/2023,23.552454
30/06/2023,23.552963
01/07/2023,23.44103
02/07/2023,23.396048
03/07/2023,23.444973
04/07/2023,23.67337
05/07/2023,23.51272
06/07/2023,23.645943
07/07/2023,23.793375
08/07/2023,24.057512
09/07/2023,23.758327
10/07/2023,23.362455
11/07/2023,21.92204
12/07/2023,21.587852
13/07/2023,22.798193
14/07/2023,22.711327
15/07/2023,22.54555
16/07/2023,22.00456
17/07/2023,21.086586
18/07/2023,21.259102
19/07/2023,20.625044
20/07/2023,19.510231
21/07/2023,20.390287
22/07/2023,21.310276
23/07/2023,21.565727
24/07/2023,22.393257
25/07/2023,22.881475
26/07/2023,21.3892
27/07/2023,20.767487
28/07/2023,19.899675
29/07/2023,20.34308
30/07/2023,20.481638
31/07/2023,21.185566
01/08/2023,22.212652
02/08/2023,23.159565
03/08/2023,22.588776
04/08/2023,22.363739
05/08/2023,21.902851
06/08/2023,22.83234
07/08/2023,22.498228
08/08/2023,21.851433
09/08/2023,21.353828
10/08/2023,20.738403
11/08/2023,20.360023
12/08/2023,20.01622
13/08/2023,21.554148
14/08/2023,21.454905
15/08/2023,22.056444
16/08/2023,21.181137
17/08/2023,20.490852
18/08/2023,20.938837
19/08/2023,22.280396
20/08/2023,21.593939
21/08/2023,22.007324
22/08/2023,21.522383
23/08/2023,20.810862
24/08/2023,21.470554
25/08/2023,22.169102
26/08/2023,21.49468
27/08/2023,21.68317
28/08/2023,21.493238
29/08/2023,21.44086
30/08/2023,21.54774
31/08/2023,22.100376
01/09/2023,20.849325
02/09/2023,19.471073
03/09/2023,19.731176
04/09/2023,19.602905
05/09/2023,20.5527
06/09/2023,21.859413
07/09/2023,22.069197
08/09/2023,21.62064
09/09/2023,21.043694
10/09/2023,21.276505
11/09/2023,22.191353
12/09/2023,22.649391
13/09/2023,22.176981
14/09/2023,21.880323
15/09/2023,21.05048
16/09/2023,22.079891
17/09/2023,22.661171
18/09/2023,22.427677
19/09/2023,21.95596
20/09/2023,22.119215
21/09/2023,21.292849
22/09/2023,20.321693
23/09/2023,21.11775
24/09/2023,21.59626
25/09/2023,21.567753
26/09/2023,20.598389
27/09/2023,21.356413
28/09/2023,22.256632
29/09/2023,22.926916
30/09/2023,22.417667
01/10/2023,21.976543
02/10/2023,22.085257
03/10/2023,22.66107
04/10/2023,23.376345
05/10/2023,23.925589
06/10/2023,22.783447
07/10/2023,23.551285
08/10/2023,22.598667
09/10/2023,23.542385
10/10/2023,23.741632
11/10/2023,23.18351
12/10/2023,22.636234
13/10/2023,23.520756
14/10/2023,22.496864
15/10/2023,22.618052
16/10/2023,23.28047
17/10/2023,22.658792
18/10/2023,23.019485
19/10/2023,22.841606
20/10/2023,23.122154
21/10/2023,24.151476
22/10/2023,23.777767
23/10/2023,23.400608
24/10/2023,23.838676
25/10/2023,23.228754
26/10/2023,23.620537
27/10/2023,23.109947
28/10/2023,22.777397
29/10/2023,23.124756
30/10/2023,23.786718
31/10/2023,24.14689
01/11/2023,24.26841
02/11/2023,23.92058
03/11/2023,24.201708
04/11/2023,24.3899
05/11/2023,24.49354
06/11/2023,24.348223
07/11/2023,23.768328
08/11/2023,23.546318
09/11/2023,24.374958
10/11/2023,24.562426
11/11/2023,24.360989
12/11/2023,24.018978
13/11/2023,24.190422
14/11/2023,24.675318
15/11/2023,24.664242
16/11/2023,24.606535
17/11/2023,24.490862
18/11/2023,23.626997
19/11/2023,23.525139
20/11/2023,23.822744
21/11/2023,24.296087
22/11/2023,24.369051
23/11/2023,24.53008
24/11/2023,24.69932
25/11/2023,24.377644
26/11/2023,24.073936
27/11/2023,24.418623
28/11/2023,24.21878
29/11/2023,24.644175
30/11/2023,24.724012
01/12/2023,24.342144
02/12/2023,24.549528
03/12/2023,24.63961
04/12/2023,24.456398
05/12/2023,24.554543
06/12/2023,24.830185
07/12/2023,24.447495
08/12/2023,24.533022
09/12/2023,24.815315
10/12/2023,24.553192
11/12/2023,24.128197
12/12/2023,24.164154
13/12/2023,24.770351
14/12/2023,24.689207
15/12/2023,24.288517
16/12/2023,24.492577
17/12/2023,24.122416
18/12/2023,23.9002
19/12/2023,22.692373
20/12/2023,22.446566
21/12/2023,23.99395
22/12/2023,24.498705
23/12/2023,24.448803
24/12/2023,24.489231
25/12/2023,24.449263
26/12/2023,24.738602
27/12/2023,24.795172
28/12/2023,25.37058
29/12/2023,25.391075
30/12/2023,25.057344
31/12/2023,25.19557
01/01/2024,25.318184
02/01/2024,25.30384
03/01/2024,24.871162
04/01/2024,24.815346
05/01/2024,24.750998
06/01/2024,24.780724
07/01/2024,24.78768
08/01/2024,24.724745
09/01/2024,24.96137
10/01/2024,24.913584
11/01/2024,24.761034
12/01/2024,24.308012
13/01/2024,24.200975
14/01/2024,24.029121
15/01/2024,24.756004
16/01/2024,24.7745
17/01/2024,24.786434
18/01/2024,24.659779
19/01/2024,24.244223
20/01/2024,24.15621
21/01/2024,24.315372
22/01/2024,24.76375
23/01/2024,24.689297
24/01/2024,24.666002
25/01/2024,24.801218
26/01/2024,24.978483
27/01/2024,24.75989
28/01/2024,24.642656
29/01/2024,24.64335
30/01/2024,24.453728
31/01/2024,24.465918
01/02/2024,24.57612
02/02/2024,24.752735
03/02/2024,24.650532
04/02/2024,24.569523
05/02/2024,24.381256
06/02/2024,24.63137
07/02/2024,24.603878
08/02/2024,24.242552
09/02/2024,24.3592
10/02/2024,24.610756
11/02/2024,24.574852
12/02/2024,24.91886
13/02/2024,24.972792
14/02/2024,25.178093
15/02/2024,25.197655
16/02/2024,25.049448
17/02/2024,24.776627
18/02/2024,24.665657
19/02/2024,25.112934
20/02/2024,25.25465
21/02/2024,25.110956
22/02/2024,25.286852
23/02/2024,25.259642
24/02/2024,24.99502
25/02/2024,24.690077
26/02/2024,24.617617
27/02/2024,24.838223
28/02/2024,24.867546
29/02/2024,25.178318
01/03/2024,25.11956
02/03/2024,25.330095
03/03/2024,25.229044
04/03/2024,25.249475
05/03/2024,25.119738
06/03/2024,25.344042
07/03/2024,25.518791
08/03/2024,25.520033
09/03/2024,24.667486
10/03/2024,24.389824
11/03/2024,25.352137
12/03/2024,24.969458
13/03/2024,25.14857
14/03/2024,25.009056
15/03/2024,24.954117
16/03/2024,24.913849
17/03/2024,24.64143
18/03/2024,24.666435
19/03/2024,25.04637
20/03/2024,24.860466
21/03/2024,24.770027
22/03/2024,24.531996
23/03/2024,24.990429
24/03/2024,24.927635
25/03/2024,24.94974
26/03/2024,24.658161
27/03/2024,24.370964
28/03/2024,24.739594
29/03/2024,25.02514
30/03/2024,25.21637
31/03/2024,25.132938
01/04/2024,24.993628
02/04/2024,25.171858
03/04/2024,25.26049
04/04/2024,25.095499
05/04/2024,25.098494
06/04/2024,25.288296
07/04/2024,25.457191
08/04/2024,25.120836
09/04/2024,25.151285
10/04/2024,24.967514
11/04/2024,24.903448
12/04/2024,24.87496
13/04/2024,25.304512
14/04/2024,25.233585
15/04/2024,25.517574
16/04/2024,25.440626
17/04/2024,25.111048
18/04/2024,24.86819
19/04/2024,25.04572
20/04/2024,25.124298
21/04/2024,25.115187
22/04/2024,25.065758
23/04/2024,25.326433
24/04/2024,25.477243
25/04/2024,25.142181
26/04/2024,25.637825
27/04/2024,25.663177
28/04/2024,25.576265
29/04/2024,25.170462
30/04/2024,24.79304
01/05/2024,25.088457
02/05/2024,25.162985
03/05/2024,24.441526
04/05/2024,23.843493
05/05/2024,23.380562
06/05/2024,22.571669
07/05/2024,23.591103
08/05/2024,24.367714
09/05/2024,24.695374
10/05/2024,24.678072
11/05/2024,24.524036
12/05/2024,24.048841
13/05/2024,24.346947
14/05/2024,24.081032
15/05/2024,23.859201
16/05/2024,23.990114
17/05/2024,24.32285
18/05/2024,24.284285
19/05/2024,23.12652
20/05/2024,23.861628
21/05/2024,23.921427
22/05/2024,24.270115
23/05/2024,24.459599
24/05/2024,24.949657
25/05/2024,24.773607
26/05/2024,24.075754
27/05/2024,24.653185
28/05/2024,24.657623
29/05/2024,24.89462
30/05/2024,24.877913
31/05/2024,24.734087
01/06/2024,25.107443
02/06/2024,24.899055
03/06/2024,24.564924
04/06/2024,23.947296
05/06/2024,23.641869
06/06/2024,23.601223
07/06/2024,23.732685
08/06/2024,24.162548
09/06/2024,24.691872
10/06/2024,24.767744
11/06/2024,24.716269
12/06/2024,24.14284
13/06/2024,24.070623
14/06/2024,24.552324
15/06/2024,24.709408
16/06/2024,24.41972
17/06/2024,23.964516
18/06/2024,22.24248
19/06/2024,22.051235
20/06/2024,21.971703
21/06/2024,21.693962
22/06/2024,21.995779
23/06/2024,22.933058
24/06/2024,23.45736
25/06/2024,23.853367
26/06/2024,24.06295
27/06/2024,24.452414
28/06/2024,24.616137
29/06/2024,24.067894
30/06/2024,23.741486
01/07/2024,23.420149
02/07/2024,23.667213
03/07/2024,24.158592
04/07/2024,24.242628
05/07/2024,23.151772
06/07/2024,23.097897
07/07/2024,23.290258
08/07/2024,23.114267
09/07/2024,22.67669
10/07/2024,22.785406
11/07/2024,21.199385
12/07/2024,20.82214
13/07/2024,20.244682
14/07/2024,19.61248
15/07/2024,20.43489
16/07/2024,21.299242
17/07/2024,21.85039
18/07/2024,22.533318
19/07/2024,21.774527
20/07/2024,21.519815
21/07/2024,21.678219
22/07/2024,21.357473
23/07/2024,22.464836
24/07/2024,22.560984
25/07/2024,22.238396
26/07/2024,22.286531
27/07/2024,22.220476
28/07/2024,22.47355
29/07/2024,22.46918
30/07/2024,23.332481
31/07/2024,23.720608
01/08/2024,23.876993
02/08/2024,23.665966
03/08/2024,23.064322
04/08/2024,22.667171
05/08/2024,21.34185
06/08/2024,21.553314
07/08/2024,22.838093
08/08/2024,23.014774
09/08/2024,22.678133
10/08/2024,22.135674
11/08/2024,19.435314
12/08/2024,19.087694
13/08/2024,21.422602
14/08/2024,21.77878
15/08/2024,20.78741
16/08/2024,20.988564
17/08/2024,21.798286
18/08/2024,22.2606
19/08/2024,21.776497
20/08/2024,21.327934
21/08/2024,22.05897
22/08/2024,22.571033
23/08/2024,21.83884
24/08/2024,21.779915
25/08/2024,21.805573
26/08/2024,22.290619
27/08/2024,20.994114
28/08/2024,21.187792
29/08/2024,22.043055
30/08/2024,20.869911
31/08/2024,21.72478
01/09/2024,23.034502
02/09/2024,22.699211
03/09/2024,21.899345
04/09/2024,22.563429
05/09/2024,23.025549
06/09/2024,22.15908
07/09/2024,22.732244
08/09/2024,23.007412
09/09/2024,23.095654
10/09/2024,23.63251
11/09/2024,23.359505
12/09/2024,21.697548
13/09/2024,21.341774
14/09/2024,21.435926
15/09/2024,21.427795
16/09/2024,21.492836
17/09/2024,20.025118
18/09/2024,20.280993
19/09/2024,22.016825
20/09/2024,23.106142
21/09/2024,23.539478
22/09/2024,24.307064
23/09/2024,24.231411
24/09/2024,24.06825
25/09/2024,23.837301
26/09/2024,24.105782
27/09/2024,24.247559
28/09/2024,23.951004
29/09/2024,23.717497
30/09/2024,23.730295
01/10/2024,23.242645
02/10/2024,22.928293
03/10/2024,22.646852
04/10/2024,23.053907
05/10/2024,23.293297
06/10/2024,23.45646
07/10/2024,23.068441
08/10/2024,23.143913
09/10/2024,22.803156
10/10/2024,22.927979
11/10/2024,23.241018
12/10/2024,23.91686
13/10/2024,23.927256
14/10/2024,23.754112
15/10/2024,23.273476
16/10/2024,21.523264
17/10/2024,20.777105
18/10/2024,22.547825
19/10/2024,23.532707
20/10/2024,23.846344
21/10/2024,23.964405
22/10/2024,23.5419
23/10/2024,23.551872
24/10/2024,23.74349
25/10/2024,23.694206
26/10/2024,23.641792
27/10/2024,24.057138
28/10/2024,24.07937
29/10/2024,23.96616
30/10/2024,23.728647
31/10/2024,24.528124
01/11/2024,24.441244
02/11/2024,24.370667
03/11/2024,24.299059
04/11/2024,24.336765
05/11/2024,23.99498
06/11/2024,23.245317
07/11/2024,23.602379
08/11/2024,24.386864
09/11/2024,24.668299
10/11/2024,24.805433
11/11/2024,24.697563
12/11/2024,24.652536
13/11/2024,25.10614
14/11/2024,24.505508
15/11/2024,24.450766
16/11/2024,24.634813
17/11/2024,24.847927
18/11/2024,24.950493
19/11/2024,24.777964
20/11/2024,24.896406
21/11/2024,24.922369
22/11/2024,24.991848
23/11/2024,25.029911
24/11/2024,24.7068
25/11/2024,25.136
26/11/2024,25.021288
27/11/2024,25.203775
28/11/2024,24.613768
29/11/2024,24.771164
30/11/2024,24.857033
01/12/2024,24.654873
02/12/2024,24.489668
03/12/2024,24.359123
04/12/2024,24.69297
05/12/2024,24.749788
06/12/2024,24.550117
07/12/2024,24.65606
08/12/2024,24.98823
09/12/2024,24.799932
10/12/2024,24.769815
11/12/2024,24.592783
12/12/2024,24.54071
13/12/2024,24.11647
14/12/2024,24.631975
15/12/2024,24.671017
16/12/2024,24.280836
17/12/2024,24.759274
18/12/2024,24.739895
19/12/2024,24.492603
20/12/2024,24.758375
21/12/2024,24.694511
22/12/2024,24.695435
23/12/2024,24.668541
24/12/2024,24.449743
25/12/2024,24.099533
26/12/2024,24.31345
27/12/2024,24.51558
28/12/2024,24.578611
29/12/2024,23.745354
30/12/2024,24.11369
31/12/2024,24.431273
01/01/2025,24.283386
02/01/2025,24.17071
03/01/2025,23.61487
04/01/2025,23.828962
05/01/2025,23.984734
06/01/2025,24.19664
07/01/2025,24.27411
08/01/2025,24.523605
09/01/2025,24.512197
10/01/2025,24.63484
11/01/2025,24.18472
12/01/2025,24.266747
13/01/2025,24.327662
14/01/2025,24.50895
15/01/2025,24.563492
16/01/2025,24.495895
17/01/2025,24.680687
18/01/2025,24.790636
19/01/2025,24.499447
20/01/2025,24.346035
21/01/2025,24.386497
22/01/2025,24.155159
23/01/2025,23.99269
24/01/2025,24.06245
25/01/2025,24.446682
26/01/2025,24.39206
27/01/2025,24.204918
28/01/2025,24.227592
29/01/2025,24.21058
30/01/2025,23.801813
31/01/2025,24.051857
01/02/2025,24.394922
