date,mean_surface_pressure_hPa
01/08/2019,1009.8558
02/08/2019,1009.9768
03/08/2019,1009.14777
04/08/2019,1009.1288
05/08/2019,1008.9269
06/08/2019,1008.39136
07/08/2019,1007.66223
08/08/2019,1008.45715
09/08/2019,1008.3005
10/08/2019,1008.46124
11/08/2019,1008.78656
12/08/2019,1009.088
13/08/2019,1009.6952
14/08/2019,1010.0101
15/08/2019,1010.2288
16/08/2019,1010.1423
17/08/2019,1010.32715
18/08/2019,1010.1468
19/08/2019,1009.87823
20/08/2019,1008.91266
21/08/2019,1008.761
22/08/2019,1009.9704
23/08/2019,1009.49426
24/08/2019,1009.14185
25/08/2019,1008.63403
26/08/2019,1008.29816
27/08/2019,1009.047
28/08/2019,1009.5308
29/08/2019,1009.0741
30/08/2019,1007.86035
31/08/2019,1007.5012
01/09/2019,1008.6939
02/09/2019,1008.5359
03/09/2019,1008.939
04/09/2019,1009.20575
05/09/2019,1009.1429
06/09/2019,1009.5534
07/09/2019,1009.9039
08/09/2019,1009.9884
09/09/2019,1009.9799
10/09/2019,1010.4219
11/09/2019,1010.6554
12/09/2019,1011.26996
13/09/2019,1010.6237
14/09/2019,1009.922
15/09/2019,1008.72
16/09/2019,1008.6431
17/09/2019,1009.76196
18/09/2019,1009.88336
19/09/2019,1009.5726
20/09/2019,1008.91925
21/09/2019,1008.84094
22/09/2019,1009.58636
23/09/2019,1009.7561
24/09/2019,1009.6913
25/09/2019,1009.0632
26/09/2019,1009.7027
27/09/2019,1009.86945
28/09/2019,1009.41766
29/09/2019,1009.5826
30/09/2019,1009.4233
01/10/2019,1009.3037
02/10/2019,1009.48755
03/10/2019,1009.23785
04/10/2019,1008.53625
05/10/2019,1007.98004
06/10/2019,1008.18835
07/10/2019,1007.9237
08/10/2019,1007.7412
09/10/2019,1007.8186
10/10/2019,1008.2606
11/10/2019,1007.6885
12/10/2019,1007.2613
13/10/2019,1007.4682
14/10/2019,1007.8567
15/10/2019,1007.5075
16/10/2019,1007.5635
17/10/2019,1007.1189
18/10/2019,1007.19617
19/10/2019,1007.83856
20/10/2019,1007.78375
21/10/2019,1006.42523
22/10/2019,1005.9554
23/10/2019,1006.468
24/10/2019,1007.03754
25/10/2019,1006.95605
26/10/2019,1006.7165
27/10/2019,1006.0862
28/10/2019,1006.5808
29/10/2019,1006.6402
30/10/2019,1006.1083
31/10/2019,1006.11597
01/11/2019,1006.4167
02/11/2019,1007.519
03/11/2019,1008.1899
04/11/2019,1008.6521
05/11/2019,1006.8767
06/11/2019,1006.3118
07/11/2019,1007.0396
08/11/2019,1008.02203
09/11/2019,1007.9183
10/11/2019,1007.0124
11/11/2019,1006.62823
12/11/2019,1007.8622
13/11/2019,1008.1116
14/11/2019,1007.4617
15/11/2019,1007.0969
16/11/2019,1007.7843
17/11/2019,1007.449
18/11/2019,1006.8073
19/11/2019,1006.5791
20/11/2019,1006.48254
21/11/2019,1006.9236
22/11/2019,1007.5017
23/11/2019,1007.278
24/11/2019,1007.29675
25/11/2019,1006.75616
26/11/2019,1005.83527
27/11/2019,1005.8343
28/11/2019,1005.8457
29/11/2019,1005.8284
30/11/2019,1006.1124
01/12/2019,1005.1981
02/12/2019,1005.1681
03/12/2019,1005.87946
04/12/2019,1007.0901
05/12/2019,1007.7702
06/12/2019,1007.4173
07/12/2019,1007.5826
08/12/2019,1007.68054
09/12/2019,1007.0756
10/12/2019,1006.5727
11/12/2019,1006.24194
12/12/2019,1006.8687
13/12/2019,1007.4817
14/12/2019,1006.7219
15/12/2019,1006.3697
16/12/2019,1006.4608
17/12/2019,1007.0089
18/12/2019,1006.7556
19/12/2019,1007.0456
20/12/2019,1005.8711
21/12/2019,1005.84906
22/12/2019,1006.648
23/12/2019,1007.4047
24/12/2019,1006.8712
25/12/2019,1007.08746
26/12/2019,1007.1018
27/12/2019,1007.1519
28/12/2019,1007.0901
29/12/2019,1007.8083
30/12/2019,1007.3899
31/12/2019,1007.85645
01/01/2020,1009.2168
02/01/2020,1008.7327
03/01/2020,1006.1809
04/01/2020,1004.78754
05/01/2020,1005.7504
06/01/2020,1006.2165
07/01/2020,1005.5945
08/01/2020,1005.5193
09/01/2020,1005.2757
10/01/2020,1005.46704
11/01/2020,1005.811
12/01/2020,1004.56683
13/01/2020,1004.66046
14/01/2020,1006.21844
15/01/2020,1007.3415
16/01/2020,1007.66266
17/01/2020,1007.5374
18/01/2020,1007.60675
19/01/2020,1007.7906
20/01/2020,1008.6833
21/01/2020,1009.58105
22/01/2020,1008.4554
23/01/2020,1007.4885
24/01/2020,1007.7065
25/01/2020,1007.6239
26/01/2020,1006.67773
27/01/2020,1007.23175
28/01/2020,1007.13446
29/01/2020,1006.8474
30/01/2020,1007.1392
31/01/2020,1007.8406
01/02/2020,1008.0901
02/02/2020,1008.68195
03/02/2020,1008.4283
04/02/2020,1006.9167
05/02/2020,1006.2986
06/02/2020,1006.40204
07/02/2020,1007.66016
08/02/2020,1008.1673
09/02/2020,1008.12933
10/02/2020,1008.16156
11/02/2020,1009.4308
12/02/2020,1009.26953
13/02/2020,1008.07477
14/02/2020,1007.6415
15/02/2020,1008.16925
16/02/2020,1008.3749
17/02/2020,1008.93726
18/02/2020,1008.2512
19/02/2020,1007.44336
20/02/2020,1007.90204
21/02/2020,1008.9519
22/02/2020,1008.7224
23/02/2020,1007.36163
24/02/2020,1007.2246
25/02/2020,1006.83136
26/02/2020,1006.9643
27/02/2020,1006.49133
28/02/2020,1005.436
29/02/2020,1005.27075
01/03/2020,1006.4453
02/03/2020,1006.2985
03/03/2020,1006.6663
04/03/2020,1006.6843
05/03/2020,1006.7755
06/03/2020,1008.14075
07/03/2020,1008.41675
08/03/2020,1006.75366
09/03/2020,1006.0036
10/03/2020,1005.9986
11/03/2020,1007.037
12/03/2020,1009.012
13/03/2020,1009.1211
14/03/2020,1007.9643
15/03/2020,1007.5081
16/03/2020,1008.44086
17/03/2020,1008.357
18/03/2020,1008.05774
19/03/2020,1008.5388
20/03/2020,1008.7716
21/03/2020,1008.8355
22/03/2020,1008.2767
23/03/2020,1007.5876
24/03/2020,1006.8394
25/03/2020,1006.1331
26/03/2020,1006.27026
27/03/2020,1006.9667
28/03/2020,1006.50653
29/03/2020,1006.4361
30/03/2020,1006.7211
31/03/2020,1007.11707
01/04/2020,1006.9886
02/04/2020,1006.9616
03/04/2020,1007.22363
04/04/2020,1007.823
05/04/2020,1007.8828
06/04/2020,1007.66864
07/04/2020,1007.38434
08/04/2020,1008.6952
09/04/2020,1008.69556
10/04/2020,1008.429
11/04/2020,1008.11957
12/04/2020,1007.36804
13/04/2020,1007.6106
14/04/2020,1008.17816
15/04/2020,1008.2298
16/04/2020,1007.6084
17/04/2020,1008.12476
18/04/2020,1008.40344
19/04/2020,1008.3122
20/04/2020,1007.4837
21/04/2020,1007.2206
22/04/2020,1007.1705
23/04/2020,1006.6102
24/04/2020,1006.86633
25/04/2020,1007.4386
26/04/2020,1007.47437
27/04/2020,1007.6642
28/04/2020,1007.7997
29/04/2020,1007.7333
30/04/2020,1007.718
01/05/2020,1006.51855
02/05/2020,1006.4001
03/05/2020,1007.3623
04/05/2020,1007.62555
05/05/2020,1007.3074
06/05/2020,1007.1683
07/05/2020,1006.684
08/05/2020,1006.566
09/05/2020,1008.0308
10/05/2020,1007.3001
11/05/2020,1007.5618
12/05/2020,1007.4568
13/05/2020,1007.23816
14/05/2020,1006.4802
15/05/2020,1005.55804
16/05/2020,1004.3754
17/05/2020,1004.6417
18/05/2020,1006.0166
19/05/2020,1006.1599
20/05/2020,1006.4196
21/05/2020,1007.46106
22/05/2020,1007.54895
23/05/2020,1007.86316
24/05/2020,1008.60754
25/05/2020,1009.21625
26/05/2020,1008.83856
27/05/2020,1009.1927
28/05/2020,1009.75867
29/05/2020,1009.53235
30/05/2020,1009.1184
31/05/2020,1009.9693
01/06/2020,1009.1276
02/06/2020,1008.86273
03/06/2020,1009.0208
04/06/2020,1008.3506
05/06/2020,1008.26117
06/06/2020,1008.19727
07/06/2020,1007.07684
08/06/2020,1007.9856
09/06/2020,1008.6264
10/06/2020,1007.796
11/06/2020,1006.9362
12/06/2020,1006.2932
13/06/2020,1007.2871
14/06/2020,1008.3788
15/06/2020,1008.1033
16/06/2020,1007.62085
17/06/2020,1007.9795
18/06/2020,1007.9949
19/06/2020,1008.51294
20/06/2020,1007.416
21/06/2020,1006.40265
22/06/2020,1006.98035
23/06/2020,1007.596
24/06/2020,1007.662
25/06/2020,1007.1516
26/06/2020,1007.72626
27/06/2020,1008.6643
28/06/2020,1008.7182
29/06/2020,1007.9149
30/06/2020,1007.59155
01/07/2020,1007.1822
02/07/2020,1007.7172
03/07/2020,1008.5036
04/07/2020,1008.24274
05/07/2020,1007.49286
06/07/2020,1008.1031
07/07/2020,1007.54364
08/07/2020,1006.5774
09/07/2020,1006.4759
10/07/2020,1007.6747
11/07/2020,1007.57935
12/07/2020,1007.18164
13/07/2020,1006.9195
14/07/2020,1007.2472
15/07/2020,1007.3684
16/07/2020,1006.6233
17/07/2020,1006.7027
18/07/2020,1006.9015
19/07/2020,1006.72253
20/07/2020,1006.5812
21/07/2020,1006.9886
22/07/2020,1006.76465
23/07/2020,1006.92773
24/07/2020,1007.5865
25/07/2020,1008.2765
26/07/2020,1007.84906
27/07/2020,1007.3888
28/07/2020,1007.3404
29/07/2020,1007.7395
30/07/2020,1008.30817
31/07/2020,1007.90985
01/08/2020,1007.5095
02/08/2020,1007.3753
03/08/2020,1006.7239
04/08/2020,1006.541
05/08/2020,1007.2362
06/08/2020,1006.99677
07/08/2020,1007.4827
08/08/2020,1007.1477
09/08/2020,1007.9989
10/08/2020,1008.7411
11/08/2020,1009.7648
12/08/2020,1009.2589
13/08/2020,1007.9591
14/08/2020,1007.56055
15/08/2020,1008.1935
16/08/2020,1008.0141
17/08/2020,1007.2796
18/08/2020,1006.8852
19/08/2020,1006.82465
20/08/2020,1008.1458
21/08/2020,1009.2246
22/08/2020,1009.5215
23/08/2020,1008.3763
24/08/2020,1009.02765
25/08/2020,1009.161
26/08/2020,1008.3493
27/08/2020,1007.33844
28/08/2020,1007.0278
29/08/2020,1006.5505
30/08/2020,1006.5026
31/08/2020,1006.7952
01/09/2020,1006.8188
02/09/2020,1007.3544
03/09/2020,1008.1992
04/09/2020,1006.5593
05/09/2020,1006.1989
06/09/2020,1006.95886
07/09/2020,1008.1413
08/09/2020,1008.67175
09/09/2020,1006.6981
10/09/2020,1005.8919
11/09/2020,1007.4221
12/09/2020,1008.23315
13/09/2020,1008.2268
14/09/2020,1008.1204
15/09/2020,1008.4491
16/09/2020,1008.4324
17/09/2020,1007.6384
18/09/2020,1007.0983
19/09/2020,1007.1228
20/09/2020,1007.58765
21/09/2020,1007.29645
22/09/2020,1007.84656
23/09/2020,1007.9017
24/09/2020,1008.3679
25/09/2020,1007.69714
26/09/2020,1007.6896
27/09/2020,1008.13446
28/09/2020,1007.8733
29/09/2020,1006.91644
30/09/2020,1006.18915
01/10/2020,1006.15375
02/10/2020,1006.8828
03/10/2020,1007.57355
04/10/2020,1007.06616
05/10/2020,1006.95245
06/10/2020,1006.4463
07/10/2020,1005.9108
08/10/2020,1005.93665
09/10/2020,1006.34906
10/10/2020,1006.4335
11/10/2020,1005.3928
12/10/2020,1005.532
13/10/2020,1005.98114
14/10/2020,1006.5753
15/10/2020,1006.327
16/10/2020,1005.2938
17/10/2020,1005.70776
18/10/2020,1006.7971
19/10/2020,1007.49
20/10/2020,1006.86426
21/10/2020,1006.64215
22/10/2020,1006.68945
23/10/2020,1007.1557
24/10/2020,1007.45337
25/10/2020,1007.06305
26/10/2020,1006.5915
27/10/2020,1007.8354
28/10/2020,1007.7017
29/10/2020,1007.70825
30/10/2020,1007.91534
31/10/2020,1007.9607
01/11/2020,1007.60474
02/11/2020,1008.5554
03/11/2020,1008.57367
04/11/2020,1008.43524
05/11/2020,1008.73663
06/11/2020,1008.554
07/11/2020,1007.4944
08/11/2020,1007.58075
09/11/2020,1007.2473
10/11/2020,1007.00476
11/11/2020,1007.70325
12/11/2020,1007.1567
13/11/2020,1005.8542
14/11/2020,1006.35474
15/11/2020,1007.2913
16/11/2020,1006.17535
17/11/2020,1005.2624
18/11/2020,1005.1786
19/11/2020,1005.7913
20/11/2020,1005.9417
21/11/2020,1005.9463
22/11/2020,1006.91187
23/11/2020,1006.6991
24/11/2020,1005.721
25/11/2020,1005.5217
26/11/2020,1005.8396
27/11/2020,1006.43427
28/11/2020,1006.2755
29/11/2020,1006.2228
30/11/2020,1006.50024
01/12/2020,1006.4545
02/12/2020,1005.7521
03/12/2020,1005.91406
04/12/2020,1005.0928
05/12/2020,1005.4245
06/12/2020,1005.9951
07/12/2020,1006.4849
08/12/2020,1004.75653
09/12/2020,1004.3903
10/12/2020,1005.61066
11/12/2020,1005.94617
12/12/2020,1005.889
13/12/2020,1006.04126
14/12/2020,1006.44434
15/12/2020,1006.6412
16/12/2020,1005.5689
17/12/2020,1004.9568
18/12/2020,1004.39734
19/12/2020,1004.77905
20/12/2020,1005.14484
21/12/2020,1004.93726
22/12/2020,1005.0964
23/12/2020,1004.6521
24/12/2020,1005.3178
25/12/2020,1006.19653
26/12/2020,1006.361
27/12/2020,1005.4706
28/12/2020,1005.2253
29/12/2020,1004.9502
30/12/2020,1005.2693
31/12/2020,1005.4817
01/01/2021,1005.7079
02/01/2021,1005.6635
03/01/2021,1005.27386
04/01/2021,1004.9886
05/01/2021,1005.53015
06/01/2021,1004.6085
07/01/2021,1004.5446
08/01/2021,1004.60925
09/01/2021,1004.0808
10/01/2021,1004.5114
11/01/2021,1005.42773
12/01/2021,1005.2363
13/01/2021,1005.7361
14/01/2021,1006.02637
15/01/2021,1005.14624
16/01/2021,1004.371
17/01/2021,1005.3672
18/01/2021,1006.10474
19/01/2021,1006.9173
20/01/2021,1006.70105
21/01/2021,1006.3136
22/01/2021,1006.2172
23/01/2021,1006.92426
24/01/2021,1007.35034
25/01/2021,1006.67017
26/01/2021,1005.1492
27/01/2021,1004.7571
28/01/2021,1005.4668
29/01/2021,1005.53375
30/01/2021,1006.7615
31/01/2021,1007.14233
01/02/2021,1006.9294
02/02/2021,1006.44867
03/02/2021,1006.92676
04/02/2021,1006.6747
05/02/2021,1006.0028
06/02/2021,1005.5674
07/02/2021,1005.6198
08/02/2021,1005.7776
09/02/2021,1005.2535
10/02/2021,1005.779
11/02/2021,1005.94403
12/02/2021,1007.4785
13/02/2021,1008.1911
14/02/2021,1008.15063
15/02/2021,1007.1208
16/02/2021,1006.6403
17/02/2021,1007.07935
18/02/2021,1007.0052
19/02/2021,1007.53656
20/02/2021,1007.9964
21/02/2021,1007.19305
22/02/2021,1006.1428
23/02/2021,1004.2142
24/02/2021,1003.4452
25/02/2021,1004.7613
26/02/2021,1005.22003
27/02/2021,1006.36316
28/02/2021,1007.29034
01/03/2021,1007.9386
02/03/2021,1007.85895
03/03/2021,1008.3368
04/03/2021,1008.66626
05/03/2021,1007.93445
06/03/2021,1008.0409
07/03/2021,1008.0311
08/03/2021,1007.98035
09/03/2021,1008.09247
10/03/2021,1008.16364
11/03/2021,1008.1505
12/03/2021,1008.5724
13/03/2021,1007.58093
14/03/2021,1007.0342
15/03/2021,1006.83496
16/03/2021,1006.9661
17/03/2021,1005.73267
18/03/2021,1005.56696
19/03/2021,1004.3301
20/03/2021,1003.41547
21/03/2021,1004.02734
22/03/2021,1005.78485
23/03/2021,1005.6874
24/03/2021,1005.161
25/03/2021,1005.64984
26/03/2021,1005.5866
27/03/2021,1005.4467
28/03/2021,1005.0089
29/03/2021,1004.2178
30/03/2021,1003.91113
31/03/2021,1003.0971
01/04/2021,1003.76733
02/04/2021,1004.4763
03/04/2021,1004.9555
04/04/2021,1005.8281
05/04/2021,1005.88824
06/04/2021,1006.22546
07/04/2021,1005.8937
08/04/2021,1005.6517
09/04/2021,1006.80945
10/04/2021,1008.5931
11/04/2021,1008.8294
12/04/2021,1008.731
13/04/2021,1008.4833
14/04/2021,1008.245
15/04/2021,1008.20996
16/04/2021,1008.0145
17/04/2021,1008.6239
18/04/2021,1009.06903
19/04/2021,1007.5686
20/04/2021,1008.19214
21/04/2021,1008.0576
22/04/2021,1007.8047
23/04/2021,1007.987
24/04/2021,1007.89716
25/04/2021,1008.4513
26/04/2021,1008.0477
27/04/2021,1008.2065
28/04/2021,1009.0353
29/04/2021,1008.07227
30/04/2021,1007.7958
01/05/2021,1008.04517
02/05/2021,1007.15344
03/05/2021,1005.17017
04/05/2021,1005.14343
05/05/2021,1005.37024
06/05/2021,1006.55066
07/05/2021,1007.26685
08/05/2021,1006.5985
09/05/2021,1006.6007
10/05/2021,1006.1825
11/05/2021,1005.7589
12/05/2021,1005.0854
13/05/2021,1005.2245
14/05/2021,1005.2963
15/05/2021,1005.5452
16/05/2021,1005.98364
17/05/2021,1006.5345
18/05/2021,1006.28754
19/05/2021,1007.30426
20/05/2021,1008.32086
21/05/2021,1007.7687
22/05/2021,1006.95746
23/05/2021,1007.65906
24/05/2021,1008.17065
25/05/2021,1007.6317
26/05/2021,1007.8965
27/05/2021,1007.9883
28/05/2021,1008.3903
29/05/2021,1008.2232
30/05/2021,1006.6837
31/05/2021,1006.2849
01/06/2021,1006.72754
02/06/2021,1007.322
03/06/2021,1007.886
04/06/2021,1007.9734
05/06/2021,1007.8276
06/06/2021,1008.173
07/06/2021,1008.4973
08/06/2021,1007.8446
09/06/2021,1007.12695
10/06/2021,1006.208
11/06/2021,1007.2797
12/06/2021,1008.3718
13/06/2021,1008.30493
14/06/2021,1007.8753
15/06/2021,1007.887
16/06/2021,1008.57996
17/06/2021,1009.5243
18/06/2021,1009.1798
19/06/2021,1009.27313
20/06/2021,1008.9283
21/06/2021,1009.06866
22/06/2021,1008.4269
23/06/2021,1008.9569
24/06/2021,1008.8751
25/06/2021,1008.186
26/06/2021,1008.4478
27/06/2021,1008.10223
28/06/2021,1008.447
29/06/2021,1007.8623
30/06/2021,1008.338
01/07/2021,1008.3799
02/07/2021,1007.61786
03/07/2021,1007.35657
04/07/2021,1007.3074
05/07/2021,1006.37
06/07/2021,1006.8439
07/07/2021,1007.17413
08/07/2021,1007.46625
09/07/2021,1006.542
10/07/2021,1006.195
11/07/2021,1007.1235
12/07/2021,1007.1589
13/07/2021,1006.6694
14/07/2021,1007.18823
15/07/2021,1008.31836
16/07/2021,1008.64636
17/07/2021,1007.8558
18/07/2021,1006.89355
19/07/2021,1007.7932
20/07/2021,1009.1296
21/07/2021,1009.1744
22/07/2021,1007.83624
23/07/2021,1008.2232
24/07/2021,1009.2169
25/07/2021,1008.3994
26/07/2021,1008.17316
27/07/2021,1008.31824
28/07/2021,1008.46313
29/07/2021,1008.66016
30/07/2021,1009.23535
31/07/2021,1008.8987
01/08/2021,1008.148
02/08/2021,1008.7041
03/08/2021,1009.57043
04/08/2021,1009.6798
05/08/2021,1010.04266
06/08/2021,1009.4205
07/08/2021,1009.5574
08/08/2021,1009.17633
09/08/2021,1008.1889
10/08/2021,1008.5614
11/08/2021,1009.4114
12/08/2021,1009.44977
13/08/2021,1008.00824
14/08/2021,1007.41895
15/08/2021,1008.79224
16/08/2021,1009.49347
17/08/2021,1008.1564
18/08/2021,1006.93823
19/08/2021,1007.4392
20/08/2021,1008.09546
21/08/2021,1008.33075
22/08/2021,1007.8118
23/08/2021,1008.0766
24/08/2021,1008.1048
25/08/2021,1007.37427
26/08/2021,1006.95105
27/08/2021,1006.9047
28/08/2021,1006.4874
29/08/2021,1006.5442
30/08/2021,1007.2803
31/08/2021,1007.6335
01/09/2021,1007.93695
02/09/2021,1007.7197
03/09/2021,1007.238
04/09/2021,1007.7019
05/09/2021,1008.25946
06/09/2021,1008.4686
07/09/2021,1007.91235
08/09/2021,1007.9251
09/09/2021,1008.3545
10/09/2021,1007.9798
11/09/2021,1007.56714
12/09/2021,1007.2601
13/09/2021,1007.8517
14/09/2021,1009.44617
15/09/2021,1008.7322
16/09/2021,1007.97754
17/09/2021,1007.2556
18/09/2021,1007.7839
19/09/2021,1008.35864
20/09/2021,1007.60034
21/09/2021,1007.90405
22/09/2021,1008.1659
23/09/2021,1008.0384
24/09/2021,1007.6456
25/09/2021,1006.4568
26/09/2021,1006.3086
27/09/2021,1005.8599
28/09/2021,1006.2617
29/09/2021,1006.59546
30/09/2021,1007.14386
01/10/2021,1007.5345
02/10/2021,1007.19543
03/10/2021,1006.5515
04/10/2021,1006.09375
05/10/2021,1005.1482
06/10/2021,1005.50867
07/10/2021,1006.24536
08/10/2021,1006.97253
09/10/2021,1006.5153
10/10/2021,1005.96234
11/10/2021,1005.72156
12/10/2021,1004.99164
13/10/2021,1005.352
14/10/2021,1005.5342
15/10/2021,1005.0308
16/10/2021,1005.62805
17/10/2021,1006.5575
18/10/2021,1009.09106
19/10/2021,1010.39856
20/10/2021,1008.754
21/10/2021,1008.486
22/10/2021,1009.12573
23/10/2021,1008.5114
24/10/2021,1007.4657
25/10/2021,1006.5144
26/10/2021,1007.0417
27/10/2021,1007.8206
28/10/2021,1007.947
29/10/2021,1008.6328
30/10/2021,1008.58075
31/10/2021,1007.9213
01/11/2021,1008.0742
02/11/2021,1007.5028
03/11/2021,1006.42163
04/11/2021,1006.42004
05/11/2021,1005.8845
06/11/2021,1004.05884
07/11/2021,1004.4781
08/11/2021,1005.2253
09/11/2021,1005.3772
10/11/2021,1005.7044
11/11/2021,1005.8913
12/11/2021,1006.6696
13/11/2021,1006.72626
14/11/2021,1006.75543
15/11/2021,1006.38995
16/11/2021,1006.6599
17/11/2021,1006.3889
18/11/2021,1004.5268
19/11/2021,1004.25446
20/11/2021,1005.3997
21/11/2021,1005.8931
22/11/2021,1005.30383
23/11/2021,1005.6741
24/11/2021,1005.80005
25/11/2021,1005.50977
26/11/2021,1005.6735
27/11/2021,1005.5551
28/11/2021,1005.87067
29/11/2021,1005.5745
30/11/2021,1005.99133
01/12/2021,1006.53156
02/12/2021,1006.5964
03/12/2021,1006.94977
04/12/2021,1006.86646
05/12/2021,1006.42633
06/12/2021,1006.6544
07/12/2021,1007.3319
08/12/2021,1007.3464
09/12/2021,1007.11383
10/12/2021,1007.08813
11/12/2021,1006.99146
12/12/2021,1006.0013
13/12/2021,1005.0204
14/12/2021,1004.82825
15/12/2021,1005.6239
16/12/2021,1005.75903
17/12/2021,1005.55945
18/12/2021,1006.0947
19/12/2021,1007.26086
20/12/2021,1008.8419
21/12/2021,1009.0077
22/12/2021,1007.34503
23/12/2021,1006.86426
24/12/2021,1006.13214
25/12/2021,1007.1137
26/12/2021,1007.39496
27/12/2021,1007.939
28/12/2021,1007.18054
29/12/2021,1007.0795
30/12/2021,1007.2501
31/12/2021,1007.1049
01/01/2022,1007.0886
02/01/2022,1006.65247
03/01/2022,1006.649
04/01/2022,1007.4181
05/01/2022,1007.5841
06/01/2022,1008.1412
07/01/2022,1007.9802
08/01/2022,1007.35034
09/01/2022,1006.3012
10/01/2022,1006.6885
11/01/2022,1007.9778
12/01/2022,1008.40125
13/01/2022,1007.6465
14/01/2022,1006.8101
15/01/2022,1006.9485
16/01/2022,1007.1879
17/01/2022,1006.3151
18/01/2022,1006.072
19/01/2022,1005.6719
20/01/2022,1006.58997
21/01/2022,1006.43774
22/01/2022,1005.90894
23/01/2022,1004.85547
24/01/2022,1003.77277
25/01/2022,1004.33746
26/01/2022,1005.1532
27/01/2022,1005.9887
28/01/2022,1007.1311
29/01/2022,1006.7892
30/01/2022,1006.4067
31/01/2022,1006.0145
01/02/2022,1006.3648
02/02/2022,1007.15234
03/02/2022,1006.10425
04/02/2022,1005.0954
05/02/2022,1004.89996
06/02/2022,1005.76117
07/02/2022,1006.768
08/02/2022,1006.7669
09/02/2022,1005.923
10/02/2022,1005.10126
11/02/2022,1005.16656
12/02/2022,1004.6282
13/02/2022,1004.8225
14/02/2022,1005.8792
15/02/2022,1005.4251
16/02/2022,1004.2473
17/02/2022,1005.17883
18/02/2022,1006.8601
19/02/2022,1006.65875
20/02/2022,1006.34906
21/02/2022,1006.3269
22/02/2022,1006.809
23/02/2022,1007.48145
24/02/2022,1007.36163
25/02/2022,1007.2242
26/02/2022,1007.2489
27/02/2022,1006.60895
28/02/2022,1006.10895
01/03/2022,1005.8152
02/03/2022,1005.11743
03/03/2022,1005.7687
04/03/2022,1006.16473
05/03/2022,1005.9936
06/03/2022,1005.4771
07/03/2022,1005.7348
08/03/2022,1005.3509
09/03/2022,1005.08813
10/03/2022,1004.3175
11/03/2022,1003.8712
12/03/2022,1004.1787
13/03/2022,1005.23157
14/03/2022,1004.84235
15/03/2022,1004.4008
16/03/2022,1004.90753
17/03/2022,1004.17926
18/03/2022,1004.0173
19/03/2022,1004.15906
20/03/2022,1005.7722
21/03/2022,1006.77985
22/03/2022,1007.2062
23/03/2022,1007.1431
24/03/2022,1006.67633
25/03/2022,1007.7487
26/03/2022,1007.8238
27/03/2022,1007.39136
28/03/2022,1006.7907
29/03/2022,1006.81976
30/03/2022,1006.9158
31/03/2022,1006.982
01/04/2022,1007.5615
02/04/2022,1007.2854
03/04/2022,1007.41516
04/04/2022,1008.0407
05/04/2022,1007.9658
06/04/2022,1007.2829
07/04/2022,1006.662
08/04/2022,1006.3598
09/04/2022,1006.3698
10/04/2022,1007.1096
11/04/2022,1006.33624
12/04/2022,1005.66016
13/04/2022,1005.6759
14/04/2022,1005.7656
15/04/2022,1005.97144
16/04/2022,1005.62164
17/04/2022,1005.38336
18/04/2022,1006.09595
19/04/2022,1006.94226
20/04/2022,1006.63837
21/04/2022,1006.97534
22/04/2022,1006.7626
23/04/2022,1005.8591
24/04/2022,1005.42944
25/04/2022,1004.7298
26/04/2022,1005.0357
27/04/2022,1005.2692
28/04/2022,1005.6966
29/04/2022,1005.672
30/04/2022,1006.00946
01/05/2022,1005.6303
02/05/2022,1005.5882
03/05/2022,1005.9516
04/05/2022,1006.3469
05/05/2022,1005.3213
06/05/2022,1004.8217
07/05/2022,1004.80493
08/05/2022,1005.4619
09/05/2022,1005.7489
10/05/2022,1005.5408
11/05/2022,1005.4159
12/05/2022,1006.0759
13/05/2022,1006.8489
14/05/2022,1008.09796
15/05/2022,1007.38464
16/05/2022,1007.14496
17/05/2022,1008.02203
18/05/2022,1008.5473
19/05/2022,1008.3436
20/05/2022,1007.80286
21/05/2022,1006.80786
22/05/2022,1005.66437
23/05/2022,1006.31726
24/05/2022,1008.0007
25/05/2022,1007.4308
26/05/2022,1007.70636
27/05/2022,1007.2322
28/05/2022,1006.44714
29/05/2022,1006.0945
30/05/2022,1005.51733
31/05/2022,1005.79156
01/06/2022,1006.5586
02/06/2022,1006.8569
03/06/2022,1007.1759
04/06/2022,1007.49426
05/06/2022,1007.19543
06/06/2022,1006.6364
07/06/2022,1006.2234
08/06/2022,1006.553
09/06/2022,1006.8962
10/06/2022,1006.54956
11/06/2022,1006.7783
12/06/2022,1007.4275
13/06/2022,1007.75714
14/06/2022,1007.64996
15/06/2022,1007.5572
16/06/2022,1007.49304
17/06/2022,1007.5162
18/06/2022,1007.61163
19/06/2022,1007.04266
20/06/2022,1005.5612
21/06/2022,1006.1515
22/06/2022,1007.58234
23/06/2022,1007.6391
24/06/2022,1006.48315
25/06/2022,1006.0642
26/06/2022,1007.7549
27/06/2022,1007.14874
28/06/2022,1006.0017
29/06/2022,1005.51086
30/06/2022,1005.98926
01/07/2022,1005.9097
02/07/2022,1005.51465
03/07/2022,1005.4988
04/07/2022,1006.16724
05/07/2022,1006.9481
06/07/2022,1008.0371
07/07/2022,1007.5474
08/07/2022,1006.77466
09/07/2022,1006.79926
10/07/2022,1007.0706
11/07/2022,1007.6956
12/07/2022,1006.3775
13/07/2022,1006.46204
14/07/2022,1006.99176
15/07/2022,1007.01733
16/07/2022,1007.9795
17/07/2022,1007.67957
18/07/2022,1006.9054
19/07/2022,1006.6116
20/07/2022,1007.4005
21/07/2022,1007.63477
22/07/2022,1008.33136
23/07/2022,1007.0124
24/07/2022,1006.2849
25/07/2022,1007.2893
26/07/2022,1007.02496
27/07/2022,1006.63745
28/07/2022,1006.8597
29/07/2022,1006.804
30/07/2022,1007.01575
31/07/2022,1006.221
01/08/2022,1006.2493
02/08/2022,1006.73145
03/08/2022,1007.17957
04/08/2022,1007.1864
05/08/2022,1007.70886
06/08/2022,1007.6608
07/08/2022,1007.3411
08/08/2022,1006.6848
09/08/2022,1006.6433
10/08/2022,1007.2737
11/08/2022,1007.0417
12/08/2022,1007.12195
13/08/2022,1007.3799
14/08/2022,1007.7768
15/08/2022,1007.85406
16/08/2022,1008.0854
17/08/2022,1008.44324
18/08/2022,1007.7014
19/08/2022,1007.46356
20/08/2022,1007.06445
21/08/2022,1007.66003
22/08/2022,1007.6901
23/08/2022,1007.6667
24/08/2022,1007.71594
25/08/2022,1007.2726
26/08/2022,1006.6889
27/08/2022,1006.2514
28/08/2022,1006.3508
29/08/2022,1006.8316
30/08/2022,1006.3747
31/08/2022,1006.3866
01/09/2022,1007.0603
02/09/2022,1007.25476
03/09/2022,1007.0579
04/09/2022,1007.6208
05/09/2022,1007.981
06/09/2022,1007.76227
07/09/2022,1008.3253
08/09/2022,1009.0472
09/09/2022,1009.6423
10/09/2022,1008.58997
11/09/2022,1007.71216
12/09/2022,1007.91864
13/09/2022,1009.7158
14/09/2022,1010.0051
15/09/2022,1008.1759
16/09/2022,1007.75073
17/09/2022,1007.80035
18/09/2022,1007.97156
19/09/2022,1008.1046
20/09/2022,1007.91223
21/09/2022,1008.14453
22/09/2022,1007.28766
23/09/2022,1006.80005
24/09/2022,1007.14746
25/09/2022,1006.76074
26/09/2022,1006.3188
27/09/2022,1005.31305
28/09/2022,1004.92554
29/09/2022,1006.23267
30/09/2022,1007.2423
01/10/2022,1006.8397
02/10/2022,1005.73016
03/10/2022,1006.594
04/10/2022,1006.54535
05/10/2022,1007.15344
06/10/2022,1007.42993
07/10/2022,1007.10114
08/10/2022,1007.40454
09/10/2022,1008.13214
10/10/2022,1008.21747
11/10/2022,1007.81946
12/10/2022,1007.36676
13/10/2022,1006.5826
14/10/2022,1005.5167
15/10/2022,1006.71704
16/10/2022,1007.57587
17/10/2022,1006.76324
18/10/2022,1006.6723
19/10/2022,1007.3864
20/10/2022,1007.80347
21/10/2022,1008.7804
22/10/2022,1008.04614
23/10/2022,1007.12036
24/10/2022,1007.0525
25/10/2022,1007.0764
26/10/2022,1006.4446
27/10/2022,1005.4336
28/10/2022,1005.218
29/10/2022,1005.28345
30/10/2022,1005.5491
31/10/2022,1006.08466
01/11/2022,1007.001
02/11/2022,1006.9894
03/11/2022,1007.3743
04/11/2022,1008.79956
05/11/2022,1008.70483
06/11/2022,1008.71375
07/11/2022,1008.3206
08/11/2022,1007.52747
09/11/2022,1007.4531
10/11/2022,1006.46234
11/11/2022,1005.9005
12/11/2022,1005.7511
13/11/2022,1006.0395
14/11/2022,1005.96625
15/11/2022,1005.59656
16/11/2022,1005.39386
17/11/2022,1005.22296
18/11/2022,1005.6942
19/11/2022,1005.02094
20/11/2022,1004.25024
21/11/2022,1004.87476
22/11/2022,1005.48114
23/11/2022,1006.5272
24/11/2022,1007.85535
25/11/2022,1007.91864
26/11/2022,1007.07715
27/11/2022,1006.1913
28/11/2022,1006.14734
29/11/2022,1005.98267
30/11/2022,1005.42633
01/12/2022,1004.06085
02/12/2022,1004.2741
03/12/2022,1004.75574
04/12/2022,1005.82495
05/12/2022,1006.1324
06/12/2022,1005.2436
07/12/2022,1005.19684
08/12/2022,1005.2702
09/12/2022,1005.22406
10/12/2022,1005.7411
11/12/2022,1005.7351
12/12/2022,1005.6184
13/12/2022,1006.19165
14/12/2022,1006.08484
15/12/2022,1004.3181
16/12/2022,1004.4236
17/12/2022,1004.68933
18/12/2022,1003.5243
19/12/2022,1003.86633
20/12/2022,1003.6565
21/12/2022,1002.8825
22/12/2022,1002.7719
23/12/2022,1004.523
24/12/2022,1005.71515
25/12/2022,1006.3267
26/12/2022,1007.6819
27/12/2022,1007.8903
28/12/2022,1007.4622
29/12/2022,1007.8699
30/12/2022,1008.1427
31/12/2022,1007.8952
01/01/2023,1007.365
02/01/2023,1006.91895
03/01/2023,1006.2751
04/01/2023,1006.2014
05/01/2023,1006.8789
06/01/2023,1006.9425
07/01/2023,1005.9651
08/01/2023,1007.6189
09/01/2023,1008.5278
10/01/2023,1008.1239
11/01/2023,1007.2372
12/01/2023,1007.0511
13/01/2023,1006.65845
14/01/2023,1005.25867
15/01/2023,1004.98016
16/01/2023,1006.18304
17/01/2023,1007.1135
18/01/2023,1007.2476
19/01/2023,1006.7515
20/01/2023,1006.4354
21/01/2023,1005.1699
22/01/2023,1004.1438
23/01/2023,1003.7129
24/01/2023,1003.85925
25/01/2023,1004.3558
26/01/2023,1004.48566
27/01/2023,1004.1797
28/01/2023,1004.1719
29/01/2023,1005.0187
30/01/2023,1005.5829
31/01/2023,1004.9018
01/02/2023,1005.08325
02/02/2023,1006.1321
03/02/2023,1004.9177
04/02/2023,1004.72406
05/02/2023,1004.52124
06/02/2023,1004.7692
07/02/2023,1005.43585
08/02/2023,1005.87524
09/02/2023,1005.4856
10/02/2023,1005.10284
11/02/2023,1006.55707
12/02/2023,1007.1554
13/02/2023,1006.256
14/02/2023,1004.7786
15/02/2023,1005.34625
16/02/2023,1006.5027
17/02/2023,1006.1367
18/02/2023,1006.04254
19/02/2023,1006.06415
20/02/2023,1006.16473
21/02/2023,1006.7372
22/02/2023,1006.21136
23/02/2023,1005.3942
24/02/2023,1006.53973
25/02/2023,1007.31793
26/02/2023,1007.7564
27/02/2023,1008.15656
28/02/2023,1008.0064
01/03/2023,1008.1059
02/03/2023,1009.3372
03/03/2023,1009.6479
04/03/2023,1009.9156
05/03/2023,1009.24835
06/03/2023,1008.3754
07/03/2023,1008.65894
08/03/2023,1009.25946
09/03/2023,1008.00977
10/03/2023,1007.3483
11/03/2023,1007.7296
12/03/2023,1007.39215
13/03/2023,1006.3595
14/03/2023,1006.9463
15/03/2023,1007.6462
16/03/2023,1007.9553
17/03/2023,1007.79114
18/03/2023,1006.7399
19/03/2023,1006.16284
20/03/2023,1006.51355
21/03/2023,1006.0138
22/03/2023,1005.81305
23/03/2023,1005.7073
24/03/2023,1006.514
25/03/2023,1006.7726
26/03/2023,1005.96985
27/03/2023,1006.5985
28/03/2023,1007.23395
29/03/2023,1006.5692
30/03/2023,1006.0548
31/03/2023,1006.90356
01/04/2023,1006.7742
02/04/2023,1005.69073
03/04/2023,1006.29144
04/04/2023,1006.88617
05/04/2023,1006.7794
06/04/2023,1007.36676
07/04/2023,1007.92914
08/04/2023,1008.639
09/04/2023,1007.52124
10/04/2023,1006.6306
11/04/2023,1005.99835
12/04/2023,1005.74457
13/04/2023,1006.4054
14/04/2023,1006.5388
15/04/2023,1006.12476
16/04/2023,1006.5908
17/04/2023,1008.37585
18/04/2023,1007.9061
19/04/2023,1005.1056
20/04/2023,1004.62164
21/04/2023,1005.7995
22/04/2023,1005.8302
23/04/2023,1006.46216
24/04/2023,1006.04504
25/04/2023,1005.72766
26/04/2023,1005.7083
27/04/2023,1005.8838
28/04/2023,1006.0904
29/04/2023,1006.0392
30/04/2023,1005.0188
01/05/2023,1005.79034
02/05/2023,1006.9247
03/05/2023,1006.81433
04/05/2023,1005.88257
05/05/2023,1004.1738
06/05/2023,1004.6558
07/05/2023,1005.3738
08/05/2023,1006.1112
09/05/2023,1007.1609
10/05/2023,1007.52386
11/05/2023,1009.0322
12/05/2023,1008.3845
13/05/2023,1009.16516
14/05/2023,1009.48035
15/05/2023,1009.7476
16/05/2023,1010.1692
17/05/2023,1010.065
18/05/2023,1009.7963
19/05/2023,1009.4248
20/05/2023,1008.9401
21/05/2023,1009.65985
22/05/2023,1009.75793
23/05/2023,1009.8163
24/05/2023,1010.4235
25/05/2023,1009.85657
26/05/2023,1008.92914
27/05/2023,1007.2878
28/05/2023,1007.19
29/05/2023,1007.92395
30/05/2023,1008.39343
31/05/2023,1008.0115
01/06/2023,1007.9831
02/06/2023,1008.1671
03/06/2023,1007.9629
04/06/2023,1007.16516
05/06/2023,1007.30914
06/06/2023,1007.8581
07/06/2023,1008.7374
08/06/2023,1008.4593
09/06/2023,1007.4426
10/06/2023,1007.047
11/06/2023,1007.4615
12/06/2023,1007.7468
13/06/2023,1007.8698
14/06/2023,1008.78894
15/06/2023,1008.36646
16/06/2023,1008.50934
17/06/2023,1008.4337
18/06/2023,1008.18823
19/06/2023,1008.27985
20/06/2023,1008.99316
21/06/2023,1008.25574
22/06/2023,1007.626
23/06/2023,1007.2183
24/06/2023,1006.55444
25/06/2023,1006.7436
26/06/2023,1007.41473
27/06/2023,1008.68384
28/06/2023,1008.9114
29/06/2023,1007.74054
30/06/2023,1007.8085
01/07/2023,1008.5281
02/07/2023,1009.14984
03/07/2023,1008.38214
04/07/2023,1007.53754
05/07/2023,1007.281
06/07/2023,1008.3227
07/07/2023,1009.5153
08/07/2023,1009.5075
09/07/2023,1007.8942
10/07/2023,1008.0116
11/07/2023,1008.7478
12/07/2023,1008.69214
13/07/2023,1008.3655
14/07/2023,1008.40985
15/07/2023,1008.2282
16/07/2023,1008.41156
17/07/2023,1008.0685
18/07/2023,1008.1673
19/07/2023,1007.46906
20/07/2023,1008.03796
21/07/2023,1009.72156
22/07/2023,1009.9743
23/07/2023,1009.0191
24/07/2023,1009.13837
25/07/2023,1009.3367
26/07/2023,1010.0089
27/07/2023,1009.8313
28/07/2023,1009.7976
29/07/2023,1009.5932
30/07/2023,1009.6102
31/07/2023,1009.1096
01/08/2023,1009.40796
02/08/2023,1010.31415
03/08/2023,1011.35895
04/08/2023,1012.2676
05/08/2023,1011.10046
06/08/2023,1010.02625
07/08/2023,1009.4824
08/08/2023,1010.2903
09/08/2023,1010.9567
10/08/2023,1010.8064
11/08/2023,1009.98663
12/08/2023,1009.496
13/08/2023,1009.42145
14/08/2023,1009.5036
15/08/2023,1010.0982
16/08/2023,1010.13403
17/08/2023,1009.2116
18/08/2023,1008.81946
19/08/2023,1008.8574
20/08/2023,1008.9118
21/08/2023,1008.67706
22/08/2023,1008.63153
23/08/2023,1009.0001
24/08/2023,1008.4537
25/08/2023,1008.3595
26/08/2023,1008.17163
27/08/2023,1008.38574
28/08/2023,1008.3108
29/08/2023,1007.844
30/08/2023,1008.798
31/08/2023,1009.17566
01/09/2023,1008.6235
02/09/2023,1008.58093
03/09/2023,1008.1874
04/09/2023,1007.6956
05/09/2023,1008.65515
06/09/2023,1008.82367
07/09/2023,1009.2677
08/09/2023,1009.1521
09/09/2023,1008.78656
10/09/2023,1009.12195
11/09/2023,1009.03687
12/09/2023,1009.6599
13/09/2023,1009.2142
14/09/2023,1009.7663
15/09/2023,1009.29297
16/09/2023,1008.9226
17/09/2023,1008.20844
18/09/2023,1007.9079
19/09/2023,1008.3559
20/09/2023,1008.00183
21/09/2023,1008.2521
22/09/2023,1008.37805
23/09/2023,1008.1949
24/09/2023,1007.8599
25/09/2023,1008.0677
26/09/2023,1008.1106
27/09/2023,1008.5212
28/09/2023,1008.86597
29/09/2023,1009.77844
30/09/2023,1009.17804
01/10/2023,1009.2599
02/10/2023,1009.6589
03/10/2023,1010.0219
04/10/2023,1009.1747
05/10/2023,1008.6085
06/10/2023,1008.62415
07/10/2023,1008.74677
08/10/2023,1009.3673
09/10/2023,1009.644
10/10/2023,1008.9534
11/10/2023,1008.9722
12/10/2023,1009.5914
13/10/2023,1009.1148
14/10/2023,1008.5198
15/10/2023,1008.32825
16/10/2023,1008.2186
17/10/2023,1008.8024
18/10/2023,1009.00073
19/10/2023,1009.25836
20/10/2023,1008.86536
21/10/2023,1008.9768
22/10/2023,1009.4401
23/10/2023,1008.87445
24/10/2023,1009.22784
25/10/2023,1009.35504
26/10/2023,1008.87067
27/10/2023,1008.24554
28/10/2023,1007.98425
29/10/2023,1007.0456
30/10/2023,1006.8605
31/10/2023,1007.13043
01/11/2023,1007.55444
02/11/2023,1006.59973
03/11/2023,1006.3776
04/11/2023,1006.8835
05/11/2023,1007.33624
06/11/2023,1007.3839
07/11/2023,1007.40515
08/11/2023,1006.81024
09/11/2023,1007.805
10/11/2023,1008.23425
11/11/2023,1008.36273
12/11/2023,1008.46136
13/11/2023,1008.2256
14/11/2023,1007.83997
15/11/2023,1008.13306
16/11/2023,1008.4745
17/11/2023,1008.3447
18/11/2023,1007.1553
19/11/2023,1007.2185
20/11/2023,1007.2832
21/11/2023,1006.1335
22/11/2023,1005.0417
23/11/2023,1005.03864
24/11/2023,1005.64996
25/11/2023,1006.31714
26/11/2023,1006.05817
27/11/2023,1006.35895
28/11/2023,1006.3724
29/11/2023,1006.3313
30/11/2023,1006.2514
01/12/2023,1006.1595
02/12/2023,1006.344
03/12/2023,1007.0417
04/12/2023,1007.573
05/12/2023,1006.91364
06/12/2023,1007.0194
07/12/2023,1007.0907
08/12/2023,1006.83093
09/12/2023,1006.2843
10/12/2023,1005.9092
11/12/2023,1005.40015
12/12/2023,1005.32324
13/12/2023,1006.6687
14/12/2023,1007.1645
15/12/2023,1006.54614
16/12/2023,1006.50073
17/12/2023,1006.7465
18/12/2023,1007.0212
19/12/2023,1007.1794
20/12/2023,1006.56964
21/12/2023,1007.37665
22/12/2023,1008.3265
23/12/2023,1008.3817
24/12/2023,1008.0624
25/12/2023,1008.827
26/12/2023,1009.07605
27/12/2023,1009.44055
28/12/2023,1008.1696
29/12/2023,1007.26996
30/12/2023,1006.74274
31/12/2023,1006.9576
01/01/2024,1006.9792
02/01/2024,1006.3323
03/01/2024,1006.68195
04/01/2024,1007.423
05/01/2024,1007.77356
06/01/2024,1007.4387
07/01/2024,1007.6376
08/01/2024,1007.936
09/01/2024,1006.2692
10/01/2024,1005.60913
11/01/2024,1005.8255
12/01/2024,1005.2183
13/01/2024,1005.5424
14/01/2024,1005.6632
15/01/2024,1005.8762
16/01/2024,1005.6583
17/01/2024,1005.63684
18/01/2024,1005.0206
19/01/2024,1005.64136
20/01/2024,1006.005
21/01/2024,1006.2483
22/01/2024,1006.88617
23/01/2024,1007.23773
24/01/2024,1008.4604
25/01/2024,1009.77313
26/01/2024,1010.1897
27/01/2024,1009.5689
28/01/2024,1009.779
29/01/2024,1009.7268
30/01/2024,1009.65906
31/01/2024,1009.73645
01/02/2024,1009.40796
02/02/2024,1008.2908
03/02/2024,1008.7195
04/02/2024,1009.7319
05/02/2024,1009.7969
06/02/2024,1009.23315
07/02/2024,1008.51465
08/02/2024,1008.34503
09/02/2024,1008.5036
10/02/2024,1009.7335
11/02/2024,1009.5676
12/02/2024,1009.316
13/02/2024,1008.73364
14/02/2024,1008.406
15/02/2024,1008.3203
16/02/2024,1007.75195
17/02/2024,1007.9315
18/02/2024,1008.3572
19/02/2024,1008.2898
20/02/2024,1007.54565
21/02/2024,1007.24835
22/02/2024,1007.5356
23/02/2024,1008.18933
24/02/2024,1007.6635
25/02/2024,1007.7387
26/02/2024,1007.47473
27/02/2024,1005.95996
28/02/2024,1006.17255
29/02/2024,1006.3711
01/03/2024,1006.4822
02/03/2024,1006.811
03/03/2024,1007.21454
04/03/2024,1006.7892
05/03/2024,1005.8292
06/03/2024,1005.4371
07/03/2024,1004.9734
08/03/2024,1004.96765
09/03/2024,1006.5204
10/03/2024,1007.67145
11/03/2024,1007.6554
12/03/2024,1007.23004
13/03/2024,1007.157
14/03/2024,1007.1667
15/03/2024,1007.5945
16/03/2024,1007.45844
17/03/2024,1006.2411
18/03/2024,1006.7014
19/03/2024,1006.78516
20/03/2024,1007.0217
21/03/2024,1007.0042
22/03/2024,1006.6201
23/03/2024,1007.22546
24/03/2024,1007.84503
25/03/2024,1008.2673
26/03/2024,1009.30707
27/03/2024,1009.51105
28/03/2024,1009.2344
29/03/2024,1009.1144
30/03/2024,1009.11554
31/03/2024,1008.3508
01/04/2024,1007.7906
02/04/2024,1006.751
03/04/2024,1006.12305
04/04/2024,1005.6159
05/04/2024,1005.8774
06/04/2024,1005.1738
07/04/2024,1004.7613
08/04/2024,1005.5268
09/04/2024,1006.36536
10/04/2024,1006.9519
11/04/2024,1007.17786
12/04/2024,1006.3904
13/04/2024,1006.7913
14/04/2024,1008.0598
15/04/2024,1008.2458
16/04/2024,1006.571
17/04/2024,1006.5674
18/04/2024,1006.1413
19/04/2024,1005.2133
20/04/2024,1005.3072
21/04/2024,1006.2903
22/04/2024,1005.7044
23/04/2024,1005.5812
24/04/2024,1005.8048
25/04/2024,1005.78253
26/04/2024,1005.427
27/04/2024,1006.0459
28/04/2024,1006.6261
29/04/2024,1005.99347
30/04/2024,1005.32184
01/05/2024,1005.0497
02/05/2024,1005.69073
03/05/2024,1006.2234
04/05/2024,1005.8969
05/05/2024,1006.6264
06/05/2024,1007.3534
07/05/2024,1007.2063
08/05/2024,1006.9265
09/05/2024,1007.4333
10/05/2024,1007.44556
11/05/2024,1007.9055
12/05/2024,1007.38074
13/05/2024,1006.7126
14/05/2024,1007.4043
15/05/2024,1008.08984
16/05/2024,1007.1868
17/05/2024,1006.6483
18/05/2024,1006.0519
19/05/2024,1005.1907
20/05/2024,1006.0226
21/05/2024,1005.8962
22/05/2024,1005.9545
23/05/2024,1005.92395
24/05/2024,1006.6321
25/05/2024,1007.3962
26/05/2024,1007.54175
27/05/2024,1007.233
28/05/2024,1006.8276
29/05/2024,1007.0124
30/05/2024,1007.2274
31/05/2024,1007.8154
01/06/2024,1008.1442
02/06/2024,1008.32477
03/06/2024,1008.27484
04/06/2024,1009.4651
05/06/2024,1009.34015
06/06/2024,1008.49347
07/06/2024,1007.98157
08/06/2024,1007.8548
09/06/2024,1008.4353
10/06/2024,1008.85266
11/06/2024,1009.699
12/06/2024,1009.79297
13/06/2024,1008.7754
14/06/2024,1007.4732
15/06/2024,1007.25903
16/06/2024,1007.5471
17/06/2024,1007.8835
18/06/2024,1008.16724
19/06/2024,1007.2839
20/06/2024,1007.2087
21/06/2024,1008.21106
22/06/2024,1007.8968
23/06/2024,1007.37573
24/06/2024,1007.2419
25/06/2024,1006.8521
26/06/2024,1006.7921
27/06/2024,1007.5403
28/06/2024,1008.21655
29/06/2024,1008.8076
30/06/2024,1007.5857
01/07/2024,1007.018
02/07/2024,1007.9411
03/07/2024,1009.07434
04/07/2024,1008.0268
05/07/2024,1006.3517
06/07/2024,1007.27997
07/07/2024,1007.8926
08/07/2024,1006.9555
09/07/2024,1008.59796
10/07/2024,1009.4537
11/07/2024,1008.56805
12/07/2024,1007.1837
13/07/2024,1007.4163
14/07/2024,1007.11304
15/07/2024,1007.6868
16/07/2024,1007.78265
17/07/2024,1008.5178
18/07/2024,1009.6254
19/07/2024,1008.2501
20/07/2024,1009.38116
21/07/2024,1009.7656
22/07/2024,1009.7665
23/07/2024,1008.56024
24/07/2024,1006.90454
25/07/2024,1006.92706
26/07/2024,1008.1976
27/07/2024,1008.9262
28/07/2024,1007.9859
29/07/2024,1007.5597
30/07/2024,1009.1441
31/07/2024,1009.9813
01/08/2024,1009.3175
02/08/2024,1009.1324
03/08/2024,1009.72235
04/08/2024,1008.97406
05/08/2024,1008.7412
06/08/2024,1008.60645
07/08/2024,1009.30304
08/08/2024,1009.82605
09/08/2024,1008.38934
10/08/2024,1007.5857
11/08/2024,1007.38934
12/08/2024,1007.9686
13/08/2024,1008.4109
14/08/2024,1007.80914
15/08/2024,1007.01855
16/08/2024,1007.32965
17/08/2024,1008.0652
18/08/2024,1007.96063
19/08/2024,1007.7581
20/08/2024,1008.6719
21/08/2024,1008.7971
22/08/2024,1009.30566
23/08/2024,1009.64624
24/08/2024,1008.99146
25/08/2024,1008.2797
26/08/2024,1008.0431
27/08/2024,1008.4685
28/08/2024,1008.5243
29/08/2024,1008.64606
30/08/2024,1008.6235
31/08/2024,1007.6833
01/09/2024,1007.8153
02/09/2024,1008.6296
03/09/2024,1008.4346
04/09/2024,1007.00366
05/09/2024,1007.4446
06/09/2024,1008.4099
07/09/2024,1009.0356
08/09/2024,1008.77246
09/09/2024,1007.3954
10/09/2024,1008.2815
11/09/2024,1008.7306
12/09/2024,1008.77454
13/09/2024,1007.5829
14/09/2024,1006.7006
15/09/2024,1006.14484
16/09/2024,1006.1649
17/09/2024,1005.0357
18/09/2024,1005.3411
19/09/2024,1005.50555
20/09/2024,1006.01984
21/09/2024,1006.5279
22/09/2024,1006.8461
23/09/2024,1007.7553
24/09/2024,1007.46106
25/09/2024,1007.93665
26/09/2024,1007.8827
27/09/2024,1007.8584
28/09/2024,1007.4042
29/09/2024,1007.3015
30/09/2024,1006.88293
01/10/2024,1006.7822
02/10/2024,1007.6977
03/10/2024,1007.73157
04/10/2024,1007.2448
05/10/2024,1007.0419
06/10/2024,1007.7405
07/10/2024,1008.90204
08/10/2024,1008.0936
09/10/2024,1006.94556
10/10/2024,1006.5283
11/10/2024,1006.43274
12/10/2024,1006.38446
13/10/2024,1006.36847
14/10/2024,1006.6846
15/10/2024,1007.749
16/10/2024,1008.20605
17/10/2024,1008.10474
18/10/2024,1007.4672
19/10/2024,1008.4681
20/10/2024,1008.99097
21/10/2024,1008.3813
22/10/2024,1007.505
23/10/2024,1007.14453
24/10/2024,1007.2945
25/10/2024,1007.38324
26/10/2024,1006.3923
27/10/2024,1005.45074
28/10/2024,1006.4636
29/10/2024,1006.91766
30/10/2024,1006.7878
31/10/2024,1006.838
01/11/2024,1007.9397
02/11/2024,1008.03735
03/11/2024,1007.9597
04/11/2024,1007.6324
05/11/2024,1006.846
06/11/2024,1007.45825
07/11/2024,1007.597
08/11/2024,1007.30066
09/11/2024,1007.1091
10/11/2024,1007.21106
11/11/2024,1006.98505
12/11/2024,1006.37195
13/11/2024,1006.0491
14/11/2024,1005.89246
15/11/2024,1005.46985
16/11/2024,1005.1758
17/11/2024,1004.9275
18/11/2024,1005.39215
19/11/2024,1005.3538
20/11/2024,1004.4887
21/11/2024,1004.6572
22/11/2024,1004.77026
23/11/2024,1004.952
24/11/2024,1005.5417
25/11/2024,1004.63715
26/11/2024,1003.9552
27/11/2024,1004.2136
28/11/2024,1004.86414
29/11/2024,1004.51587
30/11/2024,1003.98364
01/12/2024,1004.29175
02/12/2024,1004.8199
03/12/2024,1004.8524
04/12/2024,1004.1727
05/12/2024,1003.92163
06/12/2024,1004.176
07/12/2024,1004.33484
08/12/2024,1003.7512
09/12/2024,1003.20825
10/12/2024,1002.6159
11/12/2024,1003.4503
12/12/2024,1004.4884
13/12/2024,1004.4414
14/12/2024,1005.6964
15/12/2024,1006.19366
16/12/2024,1006.3249
17/12/2024,1005.7077
18/12/2024,1004.16125
19/12/2024,1003.791
20/12/2024,1004.386
21/12/2024,1005.63055
22/12/2024,1006.1052
23/12/2024,1005.445
24/12/2024,1006.036
25/12/2024,1007.6902
26/12/2024,1008.32294
27/12/2024,1007.2405
28/12/2024,1006.68066
29/12/2024,1006.47363
30/12/2024,1006.5408
31/12/2024,1006.15106
01/01/2025,1006.14233
02/01/2025,1006.7806
03/01/2025,1005.9276
04/01/2025,1005.76227
05/01/2025,1005.851
06/01/2025,1005.6684
07/01/2025,1005.88214
08/01/2025,1006.2719
09/01/2025,1007.1465
10/01/2025,1007.4876
11/01/2025,1007.1826
12/01/2025,1006.17523
13/01/2025,1005.6851
14/01/2025,1006.8777
15/01/2025,1005.8484
16/01/2025,1005.1658
17/01/2025,1004.1301
18/01/2025,1003.64856
19/01/2025,1003.347
20/01/2025,1004.81824
21/01/2025,1005.8217
22/01/2025,1006.1088
23/01/2025,1005.88684
24/01/2025,1005.3517
25/01/2025,1005.1723
26/01/2025,1004.26953
27/01/2025,1004.6325
28/01/2025,1006.37024
29/01/2025,1006.24634
30/01/2025,1005.7053
31/01/2025,1004.5826
01/02/2025,1004.2805
